len,naive,RK,BM,KMP,python
1,35942.9,18137.899999999987,0.0,12167.499999999989,2006.499999999996
2,582624.5000000008,294405.1000000002,3011.900000000001,196278.80000000002,2000.400000000003
3,2167225.4000000004,1090957.7000000004,4085.7999999999956,726717.3999999996,4999.599999999999
4,4992448.5000000065,2832005.5999999987,8016.600000000002,1704832.6000000003,9063.19999999999
5,7599170.799999993,4482804.599999999,4130.399999999992,2654363.8999999985,26085.100000000006
6,11293087.699999992,6674005.20000001,3365.000000000001,3905363.0999999996,30618.200000000008
7,13799847.60000001,8110639.000000003,3017.3000000000006,4808702.800000001,23678.29999999998
8,16242874.80000001,9537945.600000003,6018.199999999998,5623798.70000001,27304.49999999999
9,17092917.59999994,10021129.60000001,2006.6,5947361.100000002,41083.09999999996
10,19390052.40000003,11458378.100000007,3220.1000000000004,6792731.800000011,33858.299999999996
11,19665641.399999987,11526619.299999991,12325.399999999989,6849937.999999998,34112.3
12,20413954.7,11944794.300000004,4996.400000000003,7097343.100000005,29076.200000000023
13,20330483.10000002,11890782.900000012,8988.499999999998,7063031.200000007,37918.2000000001
14,20653124.599999994,12090018.500000006,4005.899999999999,7215968.300000008,24000.30000000003
15,21068578.6,12293017.400000002,8833.900000000007,7345242.099999991,17955.100000000024
16,21430606.499999993,12539639.000000002,1000.0999999999995,7478914.699999992,24003.39999999997
17,21826316.299999934,12777522.899999997,7894.90000000001,7610158.400000003,22018.70000000003
18,21645965.299999997,12627905.500000011,8994.800000000005,7438686.699999995,27012.39999999998
19,22543078.099999998,13101942.100000003,6001.399999999998,7792764.700000001,24005.39999999999
20,21241331.40000003,12408367.6,9003.0,7379495.800000007,26998.700000000026
21,21923603.90000002,12788110.79999999,9008.600000000008,7611013.100000004,23017.500000000004
22,22228076.100000016,12978177.099999996,6377.700000000003,7753247.299999997,28006.299999999996
23,21250671.700000037,12379974.100000003,5190.100000000007,7385899.599999995,19994.30000000002
24,21032488.000000004,12288797.999999998,5001.799999999999,7352147.2,14998.600000000013
25,21573369.10000002,12581756.299999999,8991.1,7570203.499999994,17989.600000000017
26,21374086.099999998,12452133.700000014,7989.500000000006,7440673.300000011,17008.30000000003
27,20591691.999999993,12011001.500000006,6931.299999999998,7162823.900000002,21011.899999999976
28,21103094.69999998,12290624.90000002,11961.400000000001,7336450.899999997,16979.20000000001
29,21532037.700000007,12561622.400000006,13997.89999999999,7474544.900000002,18989.300000000032
30,21983522.6,12825585.800000008,5128.8,7684159.500000003,19034.1
31,21870041.900000032,12778886.599999988,13007.800000000016,7668351.700000002,14002.800000000008
32,21870726.79999999,12719752.700000016,10001.900000000003,7568617.099999996,21195.199999999968
33,22117973.90000002,12942791.799999999,10997.7,7784526.599999994,19997.499999999996
34,21382631.799999993,12498696.000000017,13003.49999999999,7431666.999999993,16074.000000000011
35,22044664.299999982,12811581.499999998,12024.699999999995,7744866.499999996,12985.200000000015
36,21704818.39999999,12643973.800000018,7966.100000000002,7526014.70000001,13015.30000000002
37,22242343.000000015,12961789.099999996,12992.400000000034,7769284.400000008,21006.499999999978
38,22238833.99999999,12966605.700000001,6204.799999999997,7707580.500000005,15008.799999999988
39,21589641.79999999,12581616.800000003,5986.2999999999965,7509797.200000007,15140.600000000011
40,21426849.199999973,12501842.500000002,8979.599999999999,7518109.6000000015,18981.099999999988
41,21654690.299999997,12582242.300000014,9979.999999999989,7519559.599999999,12021.299999999988
42,21153428.300000012,12275651.0,12996.300000000005,7375722.499999998,13996.800000000007
43,21510972.60000002,12504903.299999988,7882.799999999994,7465570.499999997,16056.699999999999
44,22211975.599999983,12899581.800000006,10014.40000000001,7728631.100000004,17989.99999999997
45,21316625.899999987,12422539.799999999,13002.799999999985,7389729.499999998,15741.299999999994
46,21515980.09999998,12472667.7,18029.79999999998,7491174.600000009,14008.500000000007
47,21767799.8,12717627.100000013,17026.19999999999,7624567.900000013,13007.099999999973
48,22167476.50000001,12888976.100000013,11018.900000000016,7701769.599999998,20803.500000000022
49,21627779.1,12552063.79999999,16972.300000000014,7516890.69999999,15079.49999999999
50,21980202.699999996,12752387.099999992,14003.3,7688769.800000005,12997.400000000009
51,21585434.500000015,12565773.900000012,12008.599999999995,7519741.8999999985,16992.1
52,21211674.299999993,12319724.699999992,22017.69999999999,7445725.3,12052.09999999999
53,21946250.599999994,12747757.700000007,11019.500000000013,7625533.100000002,19025.40000000002
54,21581940.100000016,12590032.299999986,17001.300000000007,7549327.899999999,12975.199999999995
55,21730629.2,12729201.699999992,15013.200000000012,7612490.0,24039.100000000002
56,21239062.100000005,12361168.299999997,18105.00000000004,7418297.099999993,16033.099999999993
57,21463643.60000002,12446614.499999994,17193.50000000001,7444387.500000001,11169.59999999999
58,21337337.699999962,12437544.199999977,16009.900000000001,7438191.0000000065,18004.600000000006
59,21579465.600000013,12504028.600000013,12991.400000000003,7538853.799999999,11949.900000000003
60,22058076.599999998,12839031.399999995,22240.399999999998,7655825.000000002,10983.700000000023
61,21852597.200000007,12740100.399999993,21004.90000000004,7669306.800000006,16011.600000000008
62,21608071.2,12558606.700000003,32113.49999999997,7481744.499999995,10987.900000000012
63,21684280.399999972,12626791.599999998,15997.3,7596398.300000005,15988.699999999984
64,21605460.10000002,12553915.999999981,14007.7,7526840.5,19072.7
65,21536905.400000002,12533097.199999988,12984.80000000002,7523816.600000008,8014.600000000004
66,21755632.100000013,12662000.19999999,17990.200000000008,7620129.000000003,17009.199999999983
67,21854517.60000005,12736778.000000002,23898.19999999998,7641752.599999997,15019.800000000014
68,21521934.100000024,12519712.600000005,22903.400000000005,7497605.899999994,14020.399999999996
69,21630306.09999996,12591973.00000002,17999.6,7543761.499999997,15020.699999999986
70,21713312.100000028,12662782.399999995,22066.2,7538868.5000000065,16017.70000000002
71,21358222.700000014,12439503.399999987,14998.100000000015,7450005.300000002,15989.699999999995
72,21802882.20000002,12678834.30000001,25216.300000000007,7590123.599999992,15051.999999999996
73,21419952.399999976,12466477.1,24012.00000000002,7456042.699999998,7002.099999999997
74,21812047.899999917,12711592.600000026,23000.300000000017,7620594.500000009,10996.199999999995
75,21913333.79999999,12775490.299999986,23921.800000000054,7627049.099999999,13007.000000000002
76,21633664.700000003,12572493.599999994,20436.40000000003,7578186.100000001,16009.000000000004
77,21565101.79999996,12572299.299999993,21819.1,7544831.2,9008.800000000001
78,21534813.40000002,12543474.300000004,28991.800000000032,7486612.899999996,15006.800000000021
79,21470306.000000015,12532442.599999996,29001.499999999967,7493058.700000003,9019.699999999992
80,21727078.69999999,12706815.999999989,21994.500000000007,7603474.900000003,14004.500000000013
81,21636449.400000032,12598561.500000015,22993.899999999998,7545677.999999997,9008.300000000003
82,20737435.099999987,12059837.50000001,27993.799999999992,7263392.000000002,11998.20000000001
83,21554181.599999987,12515917.600000001,18005.10000000001,7517599.899999996,9887.500000000004
84,22580530.500000034,13091852.199999986,25019.89999999998,7827201.100000006,13999.499999999996
85,21889502.099999983,12741800.50000002,30998.699999999975,7608995.100000002,9997.999999999987
86,21735489.999999993,12621425.899999982,29982.500000000022,7557706.3000000045,15971.500000000011
87,21893207.199999973,12713629.100000007,29863.79999999999,7639392.299999992,11041.89999999999
88,21691220.400000006,12639151.899999991,26004.099999999988,7557628.200000004,10001.999999999982
89,22060274.60000001,12807079.59999999,29025.39999999999,7677043.700000004,11980.599999999991
90,20505936.400000002,11949274.299999995,22844.00000000001,7195387.600000006,12019.500000000018
91,21367133.2,12400897.099999992,31983.799999999996,7421490.800000005,10620.200000000004
92,21346499.899999984,12361537.099999987,33760.89999999999,7443071.099999999,15033.599999999995
93,21278848.200000014,12329326.99999998,22027.100000000002,7421242.400000004,13008.099999999991
94,21513170.299999975,12532646.00000001,27040.800000000003,7536830.9,8972.7
95,21209367.000000022,12296159.0,21002.80000000003,7401053.400000001,13008.199999999984
96,21130695.80000005,12268051.099999998,32028.19999999999,7367880.400000009,10020.6
97,21863082.9,12676553.80000001,29177.699999999964,7620590.299999995,9008.499999999998
98,21652296.399999995,12537494.600000009,24045.899999999972,7571750.9,9001.999999999998
99,21587709.699999977,12532556.89999999,37019.00000000008,7503382.699999998,17998.79999999999
100,21477157.100000028,12483963.2,28988.199999999983,7518068.599999998,9107.700000000012
101,21470641.499999966,12489653.499999994,44887.19999999995,7482509.600000009,9989.300000000005
102,22357825.400000002,12982005.400000012,19987.100000000017,7808509.999999988,15956.800000000012
103,21525061.400000002,12499098.8,29029.89999999999,7475970.500000004,2000.4999999999977
104,21522995.99999997,12505858.40000001,23176.800000000014,7513653.999999995,10820.900000000007
105,21710144.60000004,12547770.700000001,42844.40000000005,7531969.399999999,5989.400000000001
106,21342266.699999996,12445589.599999981,30225.30000000001,7452107.999999996,13985.400000000003
107,20971887.2,12210990.000000013,23026.600000000017,7312765.199999988,12004.699999999999
108,21041269.100000005,12239611.999999993,29182.400000000005,7385362.499999999,10993.000000000004
109,22131390.600000016,12895668.699999997,34200.00000000001,7763602.799999991,11015.300000000014
110,21584579.29999999,12518756.099999998,30002.59999999999,7522299.500000003,9996.700000000008
111,21676964.100000013,12624352.100000005,37906.80000000002,7549352.1000000015,9829.0
112,21761702.50000002,12648403.399999997,38807.4,7580394.499999998,5001.500000000004
113,21855307.599999994,12672175.4,47978.30000000004,7620749.000000005,6996.800000000002
114,21910489.400000017,12737089.099999998,36050.5,7622008.900000003,11003.600000000017
115,22659500.400000006,13162235.600000003,39007.59999999998,7932015.00000001,7002.199999999995
116,21772438.900000017,12680735.8,38982.10000000002,7593906.400000004,9997.999999999987
117,21463324.4,12468600.600000018,40765.899999999994,7521197.7,11015.699999999995
118,21430287.20000003,12438693.500000011,43004.00000000003,7470105.100000001,15976.20000000001
119,21440212.39999999,12444240.199999994,34984.300000000025,7484194.999999995,8608.400000000005
120,21323913.80000001,12376033.8,38970.000000000044,7446828.600000007,8995.999999999989
121,22197870.9,12949100.19999999,47005.4,7784307.499999999,11068.1
122,21926788.800000004,12728416.7,35815.99999999996,7669800.000000001,14002.499999999998
123,21549986.199999984,12494867.199999997,35025.400000000016,7499966.299999995,10027.300000000007
124,21819243.499999993,12687143.400000004,40014.79999999999,7574011.0,11007.999999999993
125,21016166.100000028,12245767.500000007,39075.90000000002,7326274.7,13003.199999999999
126,21289792.49999999,12431510.900000006,30001.999999999945,7407742.799999996,16867.0
127,21529569.800000012,12518523.299999988,50023.80000000001,7541092.399999998,13008.599999999995
128,21564915.600000013,12530239.100000007,43959.00000000001,7499059.500000003,11002.099999999988
129,21708828.299999986,12647860.2,39983.800000000025,7599570.2,12991.600000000011
130,21697199.200000025,12623549.599999998,35035.10000000003,7573722.100000006,11978.399999999978
131,21874953.700000044,12720258.8,37392.499999999985,7616209.199999989,11059.400000000007
132,22040421.20000004,12804776.700000003,46863.000000000015,7674587.799999998,11870.99999999999
133,21371333.099999998,12395088.200000001,39826.29999999995,7438536.500000005,13998.000000000011
134,21607335.00000003,12554862.299999999,27976.300000000007,7536571.699999999,9002.600000000008
135,22292361.70000003,12992893.799999997,40949.19999999993,7751389.700000008,8004.100000000003
136,21456675.100000005,12427699.099999994,35008.299999999996,7499112.999999996,9008.300000000005
137,21766932.00000002,12681058.69999999,42987.499999999985,7631963.299999997,8997.19999999999
138,21603816.6,12588340.900000002,42019.8,7484427.399999994,12181.699999999992
139,22017395.799999986,12836206.499999989,47038.10000000001,7671672.100000002,6030.300000000003
140,22279840.499999996,12892397.000000007,53031.69999999999,7739609.500000004,8016.8000000000075
141,21143087.499999996,12296918.399999999,44020.099999999984,7347665.399999999,11013.399999999992
142,22232655.899999984,12966823.399999985,34019.0,7741991.0000000065,10002.899999999996
143,21511991.299999986,12551603.899999995,50703.89999999996,7585486.1,5023.0
144,21613119.79999996,12541898.69999999,45015.60000000002,7530254.199999999,7766.099999999997
145,21744348.700000014,12617883.299999999,50453.1,7606003.600000003,9007.300000000008
146,20840777.800000004,12122564.999999996,47959.69999999996,7281414.500000003,16968.499999999985
147,22106931.20000001,12814989.999999996,39917.299999999996,7738243.599999996,15019.500000000002
148,21654523.999999963,12538858.499999996,54967.60000000003,7583970.499999999,9996.999999999996
149,21830271.80000001,12682828.400000002,41000.699999999924,7624697.299999999,8121.300000000003
150,21436051.099999998,12468139.40000001,42818.30000000001,7462818.799999991,18032.3
151,21011016.700000033,12248124.600000003,46080.20000000001,7361776.5,12002.299999999997
152,21225354.8,12372655.70000001,40996.09999999998,7455997.299999991,12009.300000000005
153,21854959.39999999,12762556.20000001,46952.900000000016,7650237.499999998,13009.400000000009
154,22088198.299999986,12851813.399999995,38979.30000000007,7747420.60000001,8034.800000000006
155,21589013.899999995,12562100.599999992,48795.8,7547544.79999999,14013.300000000003
156,21375432.500000004,12387146.599999998,56668.500000000044,7422530.500000002,10670.599999999995
157,21450696.59999998,12489147.0,54463.00000000004,7494180.300000002,9002.400000000005
158,21567002.200000003,12524588.40000001,49005.40000000003,7538035.100000002,11009.000000000013
159,22361508.699999996,13025799.800000006,47938.799999999996,7816261.7,10870.499999999995
160,21938260.299999993,12774461.400000006,56915.299999999996,7638632.199999999,17762.500000000004
161,20605462.99999999,12038418.700000001,58054.30000000003,7203792.200000001,13018.799999999996
162,20903054.5,12148651.099999992,54977.59999999996,7293038.7,10994.099999999986
163,21856199.40000003,12708760.500000002,42990.90000000001,7653575.599999996,19026.50000000001
164,21781805.00000002,12632938.900000008,43023.50000000003,7558691.400000006,5984.4
165,20952088.399999976,12143129.500000006,62005.19999999996,7304727.400000001,8012.899999999997
166,22289136.100000016,12953421.399999972,49036.299999999996,7781305.699999998,10991.4
167,21335057.70000005,12365337.299999995,60997.700000000026,7444031.899999989,9995.300000000003
168,21624984.500000004,12570703.49999999,38988.90000000005,7566711.200000002,8994.899999999996
169,22198885.500000034,12889119.899999984,52905.099999999926,7733478.799999992,12008.300000000003
170,21471872.799999982,12460550.700000009,54028.000000000044,7479132.60000001,11002.699999999997
171,22070459.10000001,12797347.600000009,54895.999999999956,7701554.999999999,8915.300000000001
172,21838956.099999987,12687258.000000004,48887.49999999999,7655714.000000007,8013.100000000004
173,21702422.699999996,12677451.499999996,42069.400000000016,7597137.199999993,6997.299999999989
174,21624602.19999997,12547175.700000001,60785.60000000002,7556510.600000001,5000.299999999998
175,21886941.600000005,12691624.300000004,46844.200000000026,7622237.40000001,7007.600000000005
176,22214079.900000054,12910346.500000015,55145.19999999998,7791402.199999997,12001.600000000013
177,21924269.799999975,12729269.599999987,48014.399999999994,7673840.899999998,10008.999999999987
178,21791024.30000001,12661556.700000003,59954.30000000002,7614425.299999997,10009.899999999996
179,21912035.4,12735512.59999999,52910.99999999998,7675415.599999997,10997.799999999987
180,21407861.9,12490587.199999984,47042.90000000002,7506292.200000001,12006.899999999992
181,21792466.000000004,12653263.59999999,53993.2,7597500.500000002,14999.399999999998
182,21893460.1,12675401.90000001,66605.49999999999,7634522.099999996,14020.299999999997
183,21361999.700000014,12428254.20000001,49112.199999999946,7458443.6000000015,5989.099999999998
184,21531382.499999993,12540817.099999998,51090.80000000001,7551024.500000002,11003.300000000007
185,21194743.40000004,12317130.999999972,54827.299999999974,7423055.8000000045,7994.800000000005
186,21499039.199999984,12568521.699999982,59837.5,7487625.999999999,9998.700000000004
187,21123165.80000003,12268393.299999997,50910.40000000002,7423814.399999996,11024.599999999999
188,21925880.499999985,12755034.09999999,59256.09999999993,7673822.500000003,9989.699999999984
189,22422289.000000022,13010772.199999992,52001.000000000044,7860472.0,9998.899999999992
190,20820160.69999999,12106477.400000008,61012.20000000009,7267334.299999999,10968.999999999998
191,22008613.5,12844350.7,58879.4,7700955.700000002,11928.400000000001
192,22060789.90000001,12785415.700000005,43980.30000000004,7718252.799999995,9012.49999999999
193,21759313.400000043,12661615.299999986,59767.900000000074,7645414.099999995,10001.100000000002
194,22264541.599999983,12946374.799999984,56163.10000000006,7776797.899999998,12006.399999999992
195,22171720.999999978,12884108.800000004,53016.09999999998,7727975.300000002,16026.499999999978
196,21359942.49999998,12444661.899999974,61038.19999999999,7486619.199999987,8202.900000000003
197,21865458.900000025,12721866.200000009,52249.299999999974,7659397.800000004,4011.8
198,21679134.399999995,12563293.500000002,51041.29999999999,7578499.900000004,18020.30000000001
199,22631896.899999976,13203960.900000004,61098.200000000055,7918951.1999999955,11970.200000000006
200,20928779.299999967,12136483.400000012,54820.20000000004,7332818.500000003,11992.500000000013
201,21611872.60000004,12567786.799999995,58958.899999999994,7549889.399999999,5001.599999999999
202,22007878.199999977,12833323.500000011,61919.29999999989,7709679.800000007,7914.800000000003
203,21529360.30000001,12469145.200000025,78147.3,7470212.6,9029.999999999998
204,22369078.6,13019384.80000001,43001.100000000035,7826085.799999999,12014.099999999999
205,22098215.700000014,12839262.500000006,62763.00000000005,7712585.300000016,12998.100000000022
206,22404790.89999999,13001743.4,70072.19999999995,7781890.400000007,7964.599999999998
207,21669764.700000025,12578127.400000013,55081.900000000045,7571061.800000001,13019.400000000021
208,21263065.30000003,12407295.799999991,62912.299999999974,7451107.399999999,9014.799999999997
209,21474961.200000025,12469530.000000006,46721.30000000003,7528732.6,10859.799999999992
210,21332594.100000024,12378080.299999999,70981.1,7454592.199999999,12997.900000000009
211,21642790.1,12602544.999999994,65408.40000000005,7577247.399999999,12511.500000000013
212,22150992.900000032,12930702.500000013,68451.49999999993,7761575.100000005,16003.199999999977
213,20667435.899999984,12057494.60000001,57858.50000000005,7257086.400000002,10015.20000000001
214,22029305.99999998,12828476.800000008,74231.69999999992,7746328.500000006,11002.999999999987
215,21070424.299999997,12252477.200000001,67013.60000000011,7342647.09999999,9008.099999999982
216,22356230.199999988,13006619.999999996,69024.09999999998,7831428.499999996,15032.40000000001
217,22150210.300000023,12858757.600000005,72605.69999999997,7733966.300000003,10220.899999999996
218,21896055.300000023,12744531.900000002,63578.29999999996,7659325.699999993,11703.800000000007
219,21768454.99999998,12658437.40000001,62972.200000000084,7616993.800000003,7002.400000000004
220,21412257.500000034,12439980.0,47203.399999999994,7493559.399999996,9001.6
221,21900687.299999982,12699658.699999997,67853.59999999989,7648617.700000001,10008.800000000005
222,21820255.999999993,12677143.600000007,53993.79999999993,7668750.700000008,8002.800000000004
223,22431315.6,13068629.399999995,72988.20000000006,7825206.900000004,9802.399999999981
224,22283736.600000016,12951196.400000008,58168.2,7785876.400000009,7997.900000000003
225,22133093.59999998,12864630.19999999,59305.00000000003,7723756.3,10072.699999999986
226,21864814.4,12722158.900000019,62921.99999999999,7648682.6,11009.399999999998
227,21657028.70000003,12577097.700000009,72929.99999999988,7581131.800000006,14992.699999999995
228,21375097.099999975,12365605.99999999,71171.90000000013,7506344.300000015,8005.899999999997
229,20944989.099999998,12162208.300000008,64193.8999999999,7352665.599999997,8013.4
230,22095329.09999996,12837875.300000012,56995.499999999935,7769625.399999996,15986.29999999999
231,22021615.800000038,12795939.800000006,72014.49999999999,7747957.600000002,11007.7
232,21266480.400000025,12354472.999999996,58951.30000000004,7480477.799999992,9990.99999999998
233,21830414.800000023,12751963.299999999,68117.89999999992,7658213.499999998,6995.500000000021
234,20971428.799999982,12190662.299999995,63986.70000000002,7346980.800000007,13997.000000000013
235,21446904.700000033,12447046.400000013,52997.9,7504102.300000001,11925.300000000003
236,22199600.8,12948984.100000003,52298.09999999991,7785509.50000001,12008.699999999997
237,21777046.999999978,12725166.699999997,52976.200000000004,7665921.400000002,8002.200000000004
238,21590869.299999982,12597875.299999991,67175.09999999996,7560911.600000006,7882.300000000002
239,21089390.5,12293427.800000003,67381.20000000003,7376850.599999995,16016.300000000001
240,21443424.200000025,12485796.199999996,71344.00000000003,7491365.899999998,11017.100000000002
241,21765850.099999983,12688789.800000006,66804.10000000003,7561772.999999997,8014.50000000001
242,21341565.400000013,12421699.400000015,76323.49999999994,7458364.8,10002.300000000014
243,21921486.200000007,12759518.799999982,83054.59999999987,7700912.299999999,14979.799999999983
244,21362755.100000016,12477331.899999993,72901.50000000004,7508883.100000001,12013.20000000002
245,21806616.100000035,12698524.799999999,82810.90000000005,7625313.999999996,11002.800000000014
246,21580539.899999987,12580454.699999988,83188.20000000004,7533446.600000001,13904.900000000005
247,21897172.499999974,12733634.399999999,72983.90000000007,7713245.300000004,8000.199999999998
248,21098018.199999984,12298009.099999988,68464.30000000005,7364819.500000001,12094.800000000007
249,21847302.0,12707601.199999996,74272.40000000004,7643264.400000003,11002.500000000002
250,21111700.500000034,12299375.20000002,65811.89999999997,7420204.500000002,12997.500000000018
251,21761249.40000003,12640247.399999985,79136.99999999997,7587165.5,13005.799999999994
252,21983968.500000056,12753860.199999997,63111.100000000006,7730769.999999996,6994.899999999995
253,21428968.799999986,12472829.50000001,86088.90000000001,7485598.39999999,8660.199999999997
254,21717625.300000016,12614753.600000003,79223.99999999997,7583608.5,19006.30000000004
255,21388319.299999986,12526596.299999988,84818.60000000011,7556860.099999997,5006.899999999996
256,21439812.500000015,12617879.599999992,76085.69999999995,7617138.7,14288.60000000002
257,23288747.099999998,12291357.099999987,76287.09999999992,7454631.800000009,8002.500000000003
258,23937596.799999982,12555368.200000003,79033.09999999992,7704003.599999995,11013.900000000003
259,22898779.900000017,11992727.39999999,93930.00000000001,7199721.3,7996.700000000006
260,23425403.999999985,12303174.100000005,87829.19999999998,7341228.899999997,11999.899999999992
261,23770454.09999998,12441477.100000003,91390.89999999995,7434926.199999996,10798.900000000012
262,23019304.99999999,12054880.8,69046.89999999986,7222906.900000004,10013.8
263,23118705.099999975,12140797.099999998,94138.90000000001,7261584.699999999,7012.500000000002
264,23127140.39999997,12184060.499999996,86937.1,7256619.900000007,5995.999999999988
265,23252673.3,12231790.400000006,82015.20000000003,7325220.70000001,5001.500000000004
266,23318469.9,12220505.999999998,88023.69999999997,7364139.999999999,6997.999999999996
267,24063252.399999984,12622003.399999987,88438.90000000014,7579978.899999999,12017.899999999981
268,23413535.20000002,12289191.099999992,108077.30000000013,7378499.400000002,12003.00000000001
269,23171154.000000052,12164663.599999994,100005.90000000002,7361338.300000003,9002.099999999995
270,23056550.49999997,12078024.900000015,94057.9000000001,7277970.0,14017.500000000016
271,22644136.90000001,11886569.300000012,80926.69999999991,7121450.500000003,8164.399999999989
272,24007786.300000023,12507490.69999999,94459.1000000002,7560292.799999996,9008.500000000007
273,23750052.99999999,12451064.299999984,98320.89999999989,7494549.8000000045,8010.200000000012
274,23706960.000000004,12448696.600000013,97600.40000000015,7500991.2000000095,13157.4
275,23809600.299999975,12493934.699999997,84936.49999999997,7526805.200000002,11003.000000000004
276,23604518.399999995,12357271.99999999,105023.59999999992,7440454.1000000015,10009.799999999988
277,23458679.30000002,12315800.199999994,83990.1000000001,7422529.399999998,12979.59999999999
278,23853663.500000004,12505578.50000001,92947.59999999983,7492712.700000006,6002.299999999991
279,23568402.699999977,12363162.300000004,95923.49999999991,7425433.900000005,5011.499999999992
280,23047064.300000004,12103124.499999976,81048.09999999989,7271864.900000004,8013.299999999999
281,23739334.700000025,12390182.599999987,101041.50000000003,7492423.999999999,13009.299999999988
282,23941719.100000013,12568307.899999985,92945.99999999987,7598348.500000002,6007.199999999999
283,24110648.399999995,12650070.700000003,96212.29999999986,7591807.200000005,14004.399999999998
284,24043217.6,12590119.900000015,115278.20000000006,7600408.700000003,11026.499999999998
285,23961801.9,12571407.599999988,92163.09999999993,7526693.899999996,13980.899999999987
286,23435144.20000005,12327470.600000009,85100.29999999997,7428404.699999992,8008.000000000001
287,23557503.99999999,12347532.40000001,86054.3000000001,7487669.100000002,6001.099999999997
288,23487729.00000006,12307767.90000001,103515.9999999999,7441387.499999997,6991.2000000000135
289,23173367.199999996,12145657.900000002,95221.59999999992,7401558.500000003,6817.099999999999
290,23513771.49999999,12323473.599999992,101573.80000000006,7450199.4,17990.199999999997
291,23585161.800000023,12348343.200000003,96811.70000000001,7501645.799999997,10002.299999999992
292,23507859.399999972,12328721.900000013,96880.00000000007,7468271.400000003,9996.500000000018
293,23783205.50000001,12447628.599999998,123578.89999999995,7518325.899999998,11051.999999999995
294,23146658.800000053,12168120.800000006,120084.80000000013,7336035.2999999905,12973.600000000004
295,23735006.29999998,12434758.600000003,102118.0999999999,7534297.999999999,6991.299999999999
296,23093027.20000002,12133110.100000009,86957.4999999999,7378082.900000012,8020.399999999991
297,23575436.99999998,12377707.199999984,100811.69999999998,7455937.300000005,10013.299999999997
298,23547378.300000004,12307556.200000001,117001.80000000002,7482419.999999995,4877.700000000002
299,23068362.60000002,12101715.800000006,97399.70000000001,7335388.6999999955,14059.399999999994
300,23726595.09999998,12451182.700000003,117992.70000000007,7507739.400000006,8002.000000000007
301,22956000.699999988,12040487.699999994,97833.69999999992,7275126.900000005,7671.400000000006
302,23582348.20000003,12384602.699999997,98029.69999999994,7510367.599999995,12909.099999999982
303,23728822.599999953,12414659.599999994,111028.19999999994,7551537.899999994,11002.900000000003
304,23613970.799999982,12413931.500000002,94360.60000000012,7493656.399999995,13013.199999999992
305,22692525.599999987,11904680.199999994,88064.20000000001,7243806.200000004,5047.100000000006
306,23974419.500000004,12589837.900000012,91350.89999999992,7609824.600000011,10625.89999999999
307,23050398.9,12098007.200000005,95000.29999999996,7351590.700000001,4012.300000000003
308,23345185.60000001,12222795.400000002,100735.69999999997,7425538.399999996,10994.400000000009
309,23518440.00000001,12350377.0,100770.1,7450281.800000002,13042.499999999995
310,23287092.50000001,12203415.200000016,124804.70000000006,7412347.199999996,14003.399999999996
311,24251172.0,12714596.3,102445.70000000003,7689124.300000011,13980.100000000008
312,23514292.99999999,12343193.100000005,105644.79999999999,7442976.900000006,9001.599999999997
313,22706668.000000004,11914521.399999999,105045.59999999989,7245734.900000004,12007.800000000007
314,23458546.100000024,12308518.299999999,107352.2999999999,7474492.99999999,9814.3
315,23520648.099999983,12329624.3,108948.10000000006,7473004.199999996,12036.400000000021
316,23321067.0,12247929.299999993,114417.00000000016,7395112.899999998,15014.10000000001
317,23385741.39999999,12286551.699999996,118042.20000000001,7422580.700000001,10201.499999999987
318,23762640.499999985,12435793.899999997,118966.7,7504931.800000004,8985.50000000002
319,24236207.99999998,12697031.399999987,101662.19999999997,7679969.000000003,13887.300000000012
320,22911524.69999999,12026221.000000002,112151.1,7310269.400000003,8990.900000000012
321,24092612.300000016,12625107.200000007,114835.59999999995,7633894.000000003,12139.300000000007
322,23829948.49999997,12479110.999999974,111101.29999999997,7555793.200000005,9002.100000000004
323,24036248.1,12618211.899999987,123906.30000000009,7630727.900000004,10990.599999999997
324,22872117.699999977,11984513.40000001,88959.89999999998,7288494.299999991,5001.099999999998
325,23785994.399999995,12452301.199999984,112202.20000000001,7631320.699999993,8915.2
326,24237871.199999996,12718446.899999991,98066.99999999994,7703822.100000006,13009.000000000002
327,23602692.99999996,12414828.800000006,105983.60000000005,7517502.100000004,10061.699999999997
328,23453441.700000014,12315079.799999993,115085.70000000001,7484307.799999994,12996.599999999986
329,22775893.199999996,11936669.100000007,124861.10000000003,7235361.799999997,10990.799999999997
330,24273603.200000014,12722219.200000003,126028.49999999983,7710147.5,11015.10000000001
331,23250870.799999993,12197579.900000004,97272.79999999996,7373460.699999993,8944.699999999999
332,22846717.699999988,11978756.899999999,111020.19999999997,7279394.500000002,8819.599999999986
333,23611875.69999999,12432154.40000001,113619.6999999998,7524589.100000006,6831.499999999998
334,23388251.00000001,12281406.900000004,100571.80000000016,7454023.099999998,15998.000000000002
335,23903892.09999996,12520227.700000003,101378.89999999997,7696258.100000001,8013.100000000004
336,23439373.49999998,12300472.700000005,141960.69999999995,7520204.200000002,7936.499999999992
337,23964801.99999997,12569873.099999987,124180.7999999999,7640602.200000001,9002.399999999998
338,23703105.799999997,12395030.100000018,91818.49999999994,7530233.600000003,9076.399999999994
339,24227682.400000002,12706535.3,123667.60000000011,7693443.1,12008.800000000003
340,23125460.600000005,12129546.800000008,133717.6,7373366.0,11986.10000000003
341,23626634.700000007,12412286.000000007,110966.89999999997,7560879.600000004,5001.599999999999
342,23290398.500000022,12249930.200000009,94975.09999999996,7464815.300000004,7994.9
343,23546530.50000001,12356410.70000001,127976.29999999989,7527451.599999996,8006.799999999997
344,24093707.500000007,12627795.799999991,110982.70000000007,7694294.499999988,13183.599999999995
345,23753286.300000038,12455036.500000011,115006.60000000002,7567403.000000004,9992.200000000003
346,22805273.799999993,11943390.499999994,109964.2,7271367.199999996,16991.799999999996
347,23969443.70000002,12593507.20000001,119059.0999999999,7631050.800000002,16183.10000000001
348,23553245.499999993,12349436.399999993,138156.90000000008,7516231.4,8995.800000000005
349,23908904.700000014,12528377.8,123531.79999999987,7598995.1,14030.300000000001
350,22818178.0,11949567.900000026,139850.6000000003,7275471.400000001,9012.999999999989
351,22864259.90000002,11992172.49999998,137011.4000000002,7256611.599999998,12025.499999999998
352,23858893.10000002,12525374.199999996,112907.20000000003,7647607.700000003,7007.800000000003
353,23874600.60000002,12527888.800000021,117011.50000000006,7631163.399999999,7004.699999999987
354,23285841.400000013,12191869.100000003,121985.59999999999,7417142.800000003,14002.30000000001
355,23366126.49999999,12282120.400000008,127859.79999999994,7419105.499999994,7972.800000000015
356,22821418.199999962,11980920.900000008,131412.3999999999,7256009.299999999,8107.300000000022
357,23373950.499999993,12244134.199999988,127642.69999999987,7431155.599999997,10002.500000000004
358,22902164.29999998,12007102.800000004,128037.09999999986,7315630.199999999,10001.899999999996
359,24077563.800000016,12576117.000000002,121032.49999999983,7644501.200000003,5002.100000000004
360,24446404.399999987,12802911.200000007,127945.6,7794665.200000003,11012.100000000013
361,23101156.900000013,12131131.200000014,100901.10000000005,7363948.000000001,11996.20000000001
362,24769231.500000015,12969354.500000015,125418.40000000005,7914840.099999998,6123.599999999997
363,23117047.0,12155136.100000003,116948.89999999976,7412236.500000002,6989.600000000001
364,23218391.90000001,12164284.89999999,116044.09999999995,7428127.099999999,10000.999999999996
365,23546537.599999953,12342108.000000011,130045.29999999999,7544983.8999999985,10021.7
366,23575113.09999999,12362026.500000006,131107.5,7510878.89999999,19005.899999999994
367,23919390.60000003,12570201.900000004,128049.39999999986,7615881.700000008,11936.899999999996
368,23356952.699999996,12213147.8,136824.70000000004,7460133.900000002,12009.09999999999
369,24002497.600000016,12590803.100000013,119977.99999999997,7633061.599999991,7991.100000000012
370,23162342.60000002,12132584.200000009,149026.79999999993,7408261.300000004,9995.300000000012
371,23172722.699999984,12165765.7,108034.29999999996,7409281.300000006,5006.400000000001
372,23487823.69999999,12324475.600000003,121939.20000000004,7500803.299999997,6006.9000000000015
373,23161684.70000001,12123467.999999993,134181.59999999998,7359595.000000003,8985.00000000001
374,24368184.099999987,12756211.700000001,144106.7000000001,7733722.1,9001.80000000001
375,23295789.30000002,12248638.999999998,148552.1999999998,7455167.8000000045,12969.400000000009
376,23377011.399999972,12274705.399999997,145032.90000000002,7490245.7,10009.00000000001
377,23390668.80000001,12246360.49999998,132076.9,7464346.499999997,9999.899999999994
378,23254822.4,12229464.899999999,112192.90000000002,7449782.700000003,13997.600000000033
379,22557693.800000023,11880301.300000014,127545.10000000003,7178006.400000001,9115.400000000016
380,23145105.79999996,12167869.900000004,126782.79999999993,7434808.300000006,7002.199999999999
381,23846347.6,12514778.19999999,128817.30000000005,7611539.299999988,5001.400000000014
382,22522339.70000002,11842309.099999998,141033.3999999999,7176620.099999999,7996.199999999997
383,23742431.999999996,12427333.299999988,128027.09999999989,7571941.1000000015,13010.299999999997
384,23556214.200000037,12386411.699999997,123053.4000000001,7489352.2,11986.300000000007
385,23240774.59999999,12233548.400000006,129820.89999999989,7431951.100000007,8995.800000000005
386,23226444.79999999,12158645.399999999,136605.29999999984,7420414.199999993,8013.299999999988
387,23930403.80000001,12585411.200000009,122948.4999999999,7631076.499999997,7991.799999999995
388,22733591.09999999,11944219.300000006,143227.30000000025,7223101.699999999,10004.899999999992
389,23467312.50000001,12305646.000000007,133849.2000000002,7468073.599999988,5994.900000000001
390,23559509.699999977,12387463.199999979,118653.20000000014,7509134.499999999,16111.9
391,22990749.70000001,12038598.799999991,146985.30000000002,7370895.9,8013.300000000001
392,22257587.200000018,11681529.399999999,143672.2999999998,7099611.099999998,12973.200000000012
393,24297343.100000013,12775001.50000002,138978.50000000017,7739248.200000009,10010.399999999998
394,23435959.99999999,12281620.9,123204.29999999996,7471030.099999997,4005.899999999999
395,23722488.799999986,12427140.799999999,132089.2000000001,7610073.900000009,14014.100000000006
396,23699451.49999999,12402433.000000013,143957.59999999986,7568270.899999996,11003.7
397,23099480.099999998,12106201.499999996,153419.10000000006,7344041.800000002,9996.699999999992
398,23108848.599999994,12177382.699999994,133919.1,7411497.9,7985.299999999999
399,22875418.299999975,12028268.19999999,132784.09999999983,7352592.299999995,10013.800000000007
400,23236451.19999999,12228013.4,137038.29999999996,7423854.599999989,7941.100000000005
401,23840018.199999996,12513028.000000004,147906.70000000007,7643186.4,9002.499999999985
402,23622924.59999997,12434676.999999987,134018.99999999997,7585385.999999998,11860.29999999999
403,23765880.19999998,12442716.400000004,123332.40000000008,7603984.000000002,7001.4000000000015
404,23239892.100000016,12195821.099999987,127792.10000000008,7406088.999999997,9002.399999999994
405,23335348.800000038,12262707.999999985,143914.19999999998,7450097.100000002,13990.300000000001
406,23025322.20000001,12053294.500000002,161721.4000000005,7380968.799999997,14997.90000000003
407,23556731.099999998,12330160.600000007,143947.10000000003,7533709.5000000065,9007.9
408,22907855.099999994,12020422.100000016,135885.0,7341060.399999998,13000.300000000008
409,23912716.50000001,12556204.700000005,126187.89999999998,7616566.4,16029.899999999983
410,23397941.999999978,12315348.800000006,135770.3,7481183.500000006,7997.000000000008
411,23573531.00000002,12362245.399999991,124529.70000000014,7520668.500000008,15009.3
412,23677148.600000005,12421098.099999994,118092.90000000007,7597542.0,7167.100000000004
413,23211408.700000007,12188587.9,140226.09999999998,7440500.599999998,14061.899999999985
414,23223748.200000037,12161389.500000017,134706.99999999983,7467214.800000001,9001.999999999998
415,24499942.000000015,12868942.000000007,163023.59999999998,7799076.699999992,14997.100000000004
416,23019082.900000013,12074057.799999995,143551.7999999998,7359378.500000005,14667.79999999998
417,23751286.500000034,12475363.499999996,142055.40000000008,7616681.299999995,10997.200000000015
418,23264861.799999997,12205470.100000015,142389.4999999997,7478059.399999998,11998.199999999995
419,23761625.500000004,12480107.400000008,158903.60000000006,7576214.100000008,15004.09999999998
420,23258409.899999972,12201445.299999997,151003.89999999988,7392212.499999998,9008.500000000013
421,22652687.39999998,11913437.800000008,134978.99999999997,7255839.7,13981.800000000001
422,24023775.10000004,12611726.700000001,137003.59999999983,7697721.699999998,9979.999999999993
423,23331327.100000028,12250810.199999994,133067.30000000022,7479580.100000004,11002.999999999989
424,22853932.600000024,12014123.90000001,147757.4999999998,7296333.299999996,8001.899999999991
425,23599450.79999999,12399177.699999997,147054.0,7554068.600000005,9993.000000000022
426,23652413.300000012,12418137.300000004,172072.60000000006,7556238.399999999,6001.200000000004
427,23224288.90000002,12225699.800000012,143326.6000000001,7445215.700000008,10000.0
428,23637315.499999985,12438842.299999986,143948.80000000022,7583863.200000008,7001.599999999999
429,22444186.900000017,11779619.199999997,161832.40000000005,7220728.999999997,12547.300000000007
430,23792611.49999997,12485406.499999978,141281.7000000002,7629782.900000011,11009.100000000002
431,23764357.00000001,12468865.700000009,141476.1999999998,7638872.3,7471.699999999997
432,23678659.30000001,12403267.900000008,149062.3999999999,7582706.800000011,8896.999999999996
433,22936606.699999988,12082282.700000001,131934.49999999994,7348901.799999992,9027.699999999999
434,23053336.899999995,12099514.40000001,126157.99999999991,7381576.799999998,14009.4
435,23821968.900000006,12526083.300000006,131926.6999999999,7616554.199999999,11007.099999999995
436,24016045.400000006,12594098.600000015,158043.80000000016,7670735.100000003,10001.999999999995
437,23755812.3,12446214.899999997,159145.00000000015,7593595.799999997,9015.600000000002
438,23548369.699999977,12409555.599999996,158011.7999999999,7566443.700000001,7001.699999999994
439,23585809.5,12414169.299999993,140033.8,7595723.09999999,9317.200000000013
440,24222929.09999997,12754745.499999994,129051.30000000034,7795739.599999991,12009.400000000009
441,23014665.099999998,12070409.99999999,153998.4000000003,7388061.799999993,8000.800000000001
442,22727012.09999998,11908956.49999999,178135.49999999974,7297033.400000004,9035.4
443,23353725.800000027,12233494.500000011,143909.80000000008,7515986.499999991,7992.900000000002
444,24372275.79999998,12789906.800000004,168972.99999999994,7806373.399999997,9993.7
445,22756602.099999968,11934747.400000008,146118.99999999983,7263665.999999996,6990.500000000003
446,23407590.400000013,12310425.700000003,146510.39999999994,7483877.700000006,12030.899999999992
447,23463733.999999985,12325658.400000002,141539.89999999976,7568894.900000008,13976.3
448,23579219.10000002,12391811.399999995,140136.0999999999,7570630.200000006,6001.600000000001
449,24238734.89999998,12731278.200000001,140780.50000000006,7762257.6000000015,11016.59999999999
450,23557746.3,12367511.599999994,152772.70000000007,7535036.799999993,11002.500000000005
451,23500379.100000005,12370865.699999984,147733.60000000033,7561029.600000005,12974.599999999995
452,23808758.59999998,12500052.699999997,149086.1,7639213.399999997,15035.500000000004
453,23289382.69999998,12211599.800000004,162817.10000000006,7432009.099999999,6996.8
454,23706256.799999982,12438044.100000001,153109.09999999983,7621602.700000004,9898.30000000001
455,24189689.099999987,12678772.700000009,153140.59999999974,7756297.300000003,11009.199999999997
456,22854612.200000007,11994643.499999987,167099.00000000017,7264838.599999995,10998.500000000002
457,23234442.899999987,12226496.20000001,142067.1999999998,7477049.999999996,13008.600000000004
458,23650296.7,12469419.900000008,152074.50000000026,7627372.1999999955,11991.900000000012
459,23833049.600000028,12509642.399999997,135435.90000000014,7657286.3999999985,16009.800000000005
460,23365770.999999996,12260691.799999993,158103.5000000002,7490659.000000006,10004.900000000016
461,23591278.099999994,12401113.59999999,150694.89999999982,7581627.699999996,14004.39999999999
462,23413536.400000025,12285008.000000002,173693.3999999999,7533620.099999989,16012.69999999999
463,24209503.799999982,12684965.900000013,157146.39999999997,7764356.599999997,15283.199999999986
464,23230326.49999996,12194559.200000014,162804.79999999987,7423071.699999997,8996.199999999993
465,23569648.600000005,12358302.399999995,150054.1000000001,7567216.000000005,10996.699999999993
466,23541415.700000018,12345627.100000007,144890.30000000005,7553130.199999993,7005.500000000004
467,23673326.10000001,12442748.699999994,173724.20000000013,7571225.900000003,10016.800000000003
468,23738793.39999998,12460535.59999998,152093.0000000002,7627443.499999997,16003.099999999975
469,24016631.60000001,12595328.099999983,160850.20000000007,7706269.399999996,15009.299999999985
470,23362918.800000012,12260589.19999999,166656.6000000001,7473495.099999995,14009.300000000027
471,23490553.79999999,12341398.899999995,165343.2999999997,7549032.100000007,9996.29999999999
472,23612621.8,12385900.600000001,154073.19999999978,7584132.600000011,11026.999999999984
473,23209147.999999974,12212194.400000017,178161.50000000023,7394339.5,16014.299999999997
474,23461869.49999998,12300150.500000007,178169.00000000023,7529752.100000001,9998.90000000001
475,23712647.299999993,12468380.200000027,151615.1999999998,7588780.500000005,13997.099999999997
476,23690900.400000013,12449981.700000009,143706.8999999999,7570509.899999998,10985.899999999996
477,23141297.999999985,12157995.699999984,152718.39999999997,7434021.099999998,9995.000000000002
478,22835353.299999986,11974720.799999993,166296.79999999996,7332446.200000011,7800.000000000004
479,23623618.599999998,12450595.39999999,168102.20000000007,7584686.100000009,8015.89999999999
480,24066357.899999995,12704829.099999996,165039.59999999995,7744052.599999998,12115.600000000008
481,22933954.9,12079623.80000001,170020.1000000003,7385173.699999996,11997.700000000012
482,24105779.700000014,12668653.099999996,155524.99999999994,7753314.9999999935,11007.200000000012
483,23979261.4,12593441.799999988,167240.2999999999,7702018.099999998,8013.000000000003
484,23108397.499999978,12153003.3,153500.59999999974,7433114.399999998,6001.800000000008
485,23353857.199999977,12293246.499999983,148844.1999999999,7483862.199999998,9031.900000000005
486,23846736.80000003,12532752.799999999,161205.5000000001,7639447.899999995,4998.900000000001
487,23478008.09999998,12301486.700000018,169875.90000000037,7513068.299999996,11002.800000000012
488,23574710.500000004,12388071.399999999,169107.1999999998,7601420.000000001,12003.999999999998
489,23530787.7,12338466.599999996,158253.90000000005,7539423.299999998,10866.600000000026
490,22900502.100000005,12056025.000000006,158701.29999999978,7381091.299999994,8018.899999999994
491,22939782.19999999,12028783.699999997,188079.19999999998,7333233.199999999,10002.899999999985
492,23988860.399999976,12585550.699999996,168742.50000000006,7731092.299999987,5009.000000000003
493,23986230.700000007,12585823.500000019,180555.10000000006,7689309.099999998,10008.200000000004
494,23073239.200000044,12117304.499999985,165073.99999999965,7411982.999999995,10987.000000000007
495,23012242.09999998,12091523.499999993,168233.30000000025,7404523.800000002,10932.900000000003
496,22998292.599999934,12094791.599999994,185960.99999999997,7398702.400000005,8979.299999999996
497,23352973.800000004,12293881.000000007,150234.90000000017,7537861.699999997,9014.099999999999
498,23450394.999999974,12310050.699999982,166397.70000000027,7548793.400000001,9996.500000000011
499,23761783.600000024,12463571.20000001,196025.89999999982,7593939.200000008,17041.899999999998
500,23256927.000000015,12166824.200000025,174887.30000000008,7445561.500000001,9998.300000000001
501,23936859.500000004,12565145.500000007,179168.9000000001,7696820.299999991,10999.0
502,24003627.499999993,12611355.0,171997.1999999999,7730818.199999996,14997.099999999999
503,22784298.700000003,11929030.79999999,174485.60000000003,7300032.199999994,15037.699999999995
504,23253467.80000003,12214068.000000002,155804.90000000034,7508416.100000005,10003.599999999988
505,23367666.800000027,12265818.100000003,173661.9999999999,7506080.600000006,6990.300000000001
506,23306940.500000007,12288711.699999992,175718.00000000015,7449786.699999999,20015.2
507,23587532.199999973,12377017.300000012,176927.49999999997,7543164.8000000045,10990.09999999999
508,22438561.299999975,11799553.39999999,170206.30000000016,7212609.299999994,15988.499999999975
509,23780466.999999996,12488294.999999983,178035.40000000017,7635920.299999991,11952.80000000001
510,23487523.700000018,12329112.6,169885.90000000005,7554140.300000011,11999.800000000012
511,23967791.000000004,12596269.70000001,175979.10000000018,7716112.899999991,8986.8
512,23644064.799999993,12373426.700000014,161649.39999999997,7597668.100000007,15981.399999999989
513,23120152.3,12128452.099999988,183119.6000000001,7447290.799999998,9997.099999999999
514,23801029.400000025,12483573.499999998,179801.30000000022,7654536.000000002,7010.000000000007
515,22461404.20000001,11836229.99999999,176233.69999999995,7212021.399999997,9996.000000000005
516,23848345.300000004,12537950.400000002,186193.89999999973,7611506.100000001,16025.300000000025
517,23847454.999999996,12528624.999999993,177584.80000000005,7661152.299999999,17027.200000000004
518,23459707.89999996,12331565.5,171627.59999999995,7554537.399999996,12005.700000000003
519,23687513.200000025,12426301.299999977,201240.09999999998,7610573.499999999,16004.500000000002
520,22990614.19999999,12082133.500000004,164317.7000000001,7383956.699999998,11019.500000000005
521,23258341.199999962,12217602.599999985,181113.29999999967,7480354.200000007,10790.30000000001
522,23244465.00000003,12218478.799999999,179793.50000000003,7442971.799999993,7001.69999999999
523,23699899.20000001,12498996.300000004,169756.39999999976,7616998.099999996,16127.900000000003
524,22854494.800000023,12034043.299999991,168261.30000000005,7347663.900000012,12020.899999999987
525,23027862.2,12093603.600000005,182190.4999999998,7421367.700000003,8014.299999999993
526,22891734.800000012,12007312.49999998,186005.20000000024,7359815.699999999,11013.999999999989
527,23156465.69999998,12158808.299999986,195902.20000000036,7438578.1999999955,12992.100000000006
528,23718082.40000001,12444746.800000003,187770.70000000004,7635776.2999999905,7988.999999999999
529,23144988.699999996,12178726.499999996,185808.0000000001,7441190.199999998,13166.499999999993
530,23529110.600000005,12337200.200000012,205223.60000000003,7556423.800000005,14085.60000000002
531,24117297.099999994,12659339.700000012,185501.10000000006,7720115.599999999,21878.399999999958
532,23164702.1,12186893.400000004,195192.39999999997,7514237.399999994,12012.599999999977
533,23379764.400000013,12293051.100000007,190127.80000000008,7540532.000000003,8009.200000000005
534,24149611.000000004,12704270.40000001,185800.70000000004,7751495.299999995,12008.999999999998
535,23856078.899999965,12548739.599999988,183912.89999999985,7695537.999999995,11996.70000000001
536,23471161.40000001,12331939.599999988,180961.70000000022,7517992.799999994,9001.9
537,23835887.79999998,12558052.299999986,170598.20000000004,7641937.699999997,9008.800000000012
538,23394812.2,12299852.5,174500.59999999986,7559820.799999999,9007.999999999998
539,23376022.199999988,12240408.600000003,181517.50000000006,7527121.299999993,10997.79999999999
540,23705773.700000014,12456180.700000027,170072.90000000002,7627726.500000003,12002.399999999992
541,23643515.899999995,12464618.500000002,182205.4000000002,7621065.499999995,12991.099999999995
542,22916023.499999978,12039208.700000007,179147.59999999995,7353858.199999995,11013.000000000011
543,23254308.900000013,12232546.500000002,192653.69999999987,7493015.200000002,5995.399999999984
544,23419300.700000003,12323665.100000018,178237.89999999994,7552736.6999999955,11009.100000000019
545,23168017.60000004,12207419.199999996,197194.10000000012,7471445.399999992,10985.600000000002
546,23780834.699999996,12511393.100000005,180094.70000000024,7707087.60000001,10053.300000000001
547,23267124.900000013,12224945.899999982,213556.10000000015,7468947.599999999,16009.299999999992
548,23548774.90000002,12355840.399999997,188716.00000000017,7581433.099999998,7001.4
549,23208954.900000017,12259885.200000035,188125.49999999994,7524198.699999996,13101.900000000023
550,23794907.200000048,12495241.699999992,193873.7999999999,7707937.100000008,11008.199999999999
551,23811490.100000013,12538767.699999982,190476.9,7660545.499999997,10999.099999999997
552,23511683.80000002,12325571.499999989,200263.80000000002,7585186.500000004,11002.3
553,23876033.300000012,12571652.799999997,166620.8,7707585.500000001,10987.2
554,23336258.099999998,12302839.899999997,195804.89999999988,7543381.699999991,9924.6
555,24467513.49999996,12854364.000000017,188302.50000000017,7902607.000000007,8008.500000000003
556,23322651.000000022,12288479.599999994,203814.79999999996,7530571.000000004,14021.500000000015
557,23511590.39999999,12373974.499999972,190883.30000000008,7581818.999999996,9991.499999999976
558,22874640.40000001,12064086.399999995,195618.10000000033,7351669.200000003,11127.9
559,22971967.59999999,12069646.90000001,200296.50000000006,7394615.900000001,16081.599999999991
560,23069975.799999975,12121987.200000014,183333.60000000024,7441286.599999997,14919.100000000008
561,23584255.600000054,12398993.900000017,212186.39999999988,7577880.100000003,14835.699999999984
562,23069769.299999956,12162211.200000018,167695.40000000002,7455113.099999998,14293.5
563,23413774.900000006,12279902.399999993,196984.8,7577904.3,6989.4000000000015
564,23183332.100000035,12168212.20000001,205471.00000000023,7498881.700000003,7995.200000000013
565,24192530.799999982,12765989.700000009,201202.79999999987,7826213.5,6996.299999999995
566,23113318.800000023,12150682.700000003,210035.1000000001,7465048.799999997,5995.099999999997
567,23108537.399999987,12155587.700000001,190226.40000000002,7443213.00000001,16031.000000000002
568,23007324.99999997,12126622.400000002,203094.30000000008,7423307.799999999,11002.099999999993
569,22728510.699999973,11937315.90000001,203123.89999999985,7352779.800000004,15021.0
570,23080332.8,12167153.899999987,188070.09999999998,7456405.9,15003.700000000003
571,23587430.90000004,12381141.500000002,208266.9999999998,7567436.0,11939.599999999997
572,23263983.900000025,12266023.399999999,191938.69999999998,7522751.999999998,12128.399999999974
573,23345232.99999998,12283550.999999998,185846.4000000001,7527308.299999994,15710.099999999982
574,23429450.300000023,12308839.700000005,231112.80000000002,7519604.100000008,16999.600000000024
575,23025066.700000014,12142459.600000007,210271.0999999999,7423294.700000002,11155.799999999994
576,23770377.200000003,12510036.8,201605.20000000004,7676756.50000001,8975.900000000009
577,23814682.600000024,12512999.90000001,217020.39999999994,7656552.099999992,14998.700000000003
578,23735261.599999998,12473432.799999984,194366.5999999998,7723705.600000009,12138.999999999993
579,23236801.70000004,12253164.600000001,199438.20000000007,7498706.699999995,14993.799999999997
580,24047411.3,12681247.099999998,162915.89999999985,7769448.5,8007.599999999998
581,23162204.399999984,12143553.500000007,228937.2,7436889.200000006,11003.60000000001
582,23608986.59999998,12417374.900000002,205147.09999999992,7547287.700000004,11998.899999999998
583,23108736.599999994,12154415.299999999,206377.3000000001,7406895.3,9996.000000000002
584,23358728.70000003,12339450.50000001,167117.79999999976,7555900.799999993,6988.0999999999985
585,23941776.59999999,12590326.500000007,193050.1999999998,7731291.400000002,8000.800000000001
586,23340444.500000004,12248804.700000007,217697.50000000023,7531456.799999996,10008.100000000002
587,23194567.800000004,12187813.200000005,212983.59999999986,7503891.200000007,12015.300000000005
588,22783215.000000034,11993080.200000007,200841.79999999967,7375984.199999997,8001.799999999991
589,23670037.799999975,12484006.900000002,183348.89999999985,7603394.999999987,17004.400000000027
590,23018042.700000007,12129993.999999994,184939.0999999999,7430256.999999996,12020.39999999999
591,23425790.59999998,12363531.799999995,178480.4000000002,7565076.699999995,9008.199999999999
592,23251264.800000012,12226065.300000008,207745.4999999998,7524505.600000002,8018.8000000000075
593,23735807.099999968,12524719.599999988,196243.99999999983,7681012.600000004,6991.000000000004
594,23239557.900000017,12245156.199999997,193246.60000000015,7534159.299999998,9984.299999999992
595,22912984.09999998,12059172.200000007,211330.20000000013,7422448.400000006,5001.400000000005
596,23119723.499999985,12147537.499999996,225078.30000000005,7470399.8000000045,6007.699999999989
597,23827954.899999995,12514214.400000006,205213.59999999971,7711302.799999996,2042.9999999999989
598,23211926.9,12215041.900000013,203236.69999999987,7518148.100000004,12036.099999999995
599,23640886.299999963,12375747.69999999,213789.3000000001,7615731.199999996,11008.899999999998
600,24024418.499999996,12602547.5,231255.09999999983,7742964.400000001,9078.999999999976
601,24011030.80000003,12616041.200000007,201127.39999999988,7776107.299999998,16124.099999999979
602,24078952.700000025,12650962.399999997,196916.79999999993,7799927.299999999,13009.000000000025
603,23737358.599999998,12450519.300000008,205032.9000000002,7694503.799999998,10996.500000000022
604,22980834.000000026,12095777.90000001,185669.29999999987,7453604.299999989,11001.999999999998
605,23438875.5,12394494.399999997,202776.70000000013,7593287.800000003,13997.900000000016
606,24367904.599999968,12827312.399999995,211074.19999999995,7868635.999999993,15954.89999999998
607,23438022.59999999,12350698.200000009,213074.79999999952,7612880.700000004,7992.499999999991
608,24282261.199999984,12816093.700000001,191199.19999999987,7887758.799999995,8990.499999999985
609,23860434.599999998,12562834.800000016,214057.60000000024,7685634.900000011,13997.900000000007
610,22406952.300000016,11806089.200000005,208601.40000000017,7242318.200000001,7007.800000000007
611,23784124.300000004,12511741.200000003,219697.1000000002,7687746.399999992,21008.800000000007
612,24525994.500000007,12904122.7,219138.7,7937701.300000007,18988.100000000017
613,24046885.59999999,12675331.800000016,210679.39999999976,7757361.800000006,7132.700000000001
614,23067879.9,12137994.700000003,204804.69999999975,7474733.700000005,11830.700000000008
615,23490361.399999958,12348481.699999984,219064.69999999998,7601902.500000006,15028.700000000026
616,23567879.699999988,12390211.000000007,228066.19999999984,7608432.200000006,13816.699999999979
617,23805158.29999998,12509083.39999999,219837.40000000026,7741369.3000000045,12981.5
618,23514604.79999999,12376765.299999984,224773.39999999997,7645589.499999996,14035.700000000019
619,23211260.700000003,12192895.699999997,237391.59999999998,7464376.600000005,13002.000000000007
620,22860930.299999975,11997201.800000006,222042.49999999997,7384488.500000003,10900.100000000002
621,24396788.599999983,12810415.199999992,219838.09999999998,7893380.6000000015,9024.899999999989
622,23713176.19999999,12419326.999999994,219956.3999999998,7661452.499999988,13003.100000000024
623,23750093.49999997,12478869.0,225464.5000000003,7670728.899999996,8007.400000000011
624,23355942.50000001,12303265.799999993,221580.50000000012,7538977.69999999,11981.100000000006
625,23113179.40000001,12164123.700000003,231777.90000000017,7441595.999999994,14992.800000000017
626,24186404.29999998,12718196.099999998,196403.2000000003,7843951.499999999,11186.40000000002
627,24224411.19999999,12746894.2,218782.90000000029,7851063.9,12010.4
628,22416208.399999987,11827978.199999994,217284.09999999995,7271824.899999996,7014.100000000003
629,23738133.999999996,12467258.200000005,226044.39999999985,7665491.900000004,6007.500000000005
630,23905739.199999984,12660859.100000005,185775.19999999966,7774645.1000000015,14002.799999999992
631,23816582.800000012,12539912.1,193152.59999999995,7729318.499999996,12013.0
632,24179056.59999996,12707373.699999994,221094.49999999985,7825577.500000002,18024.299999999967
633,24474499.400000043,12848243.199999994,234640.09999999995,7908845.799999997,11022.300000000021
634,23321631.500000004,12325494.3,213706.7,7554942.000000002,10003.999999999993
635,23192417.400000002,12180924.10000002,228876.3,7501499.599999999,11002.299999999992
636,23863192.300000045,12561800.699999986,221263.39999999997,7756166.699999995,15965.400000000012
637,23586808.1,12437311.799999982,196976.60000000018,7678613.299999995,8008.300000000001
638,23569381.59999997,12396939.499999996,230748.4000000002,7599801.599999992,5997.099999999998
639,23986049.89999999,12593212.699999986,230426.80000000028,7760383.399999993,16973.099999999995
640,23549006.00000002,12411331.299999997,252023.0000000002,7598721.1999999955,10014.800000000017
641,24178452.300000012,12741000.500000004,222945.8,7820723.999999999,14014.400000000005
642,23032938.900000013,12127088.400000019,228386.80000000016,7457460.700000005,16003.899999999985
643,23605771.700000007,12405279.19999999,239919.60000000018,7659909.299999997,11014.0
644,24663422.60000002,12947598.399999995,234024.59999999977,7931477.599999994,11010.699999999986
645,23437734.099999994,12325014.299999988,224418.89999999985,7559877.299999998,6996.999999999998
646,23605549.300000012,12397808.900000004,215862.59999999977,7644135.7999999905,5979.399999999996
647,23665222.7,12428357.500000011,226184.40000000002,7669376.199999997,14009.10000000002
648,24019419.80000002,12633935.29999999,216444.89999999956,7765240.300000004,17003.39999999997
649,23754307.699999988,12524858.099999998,213574.69999999987,7683251.9,5996.099999999993
650,23427878.70000001,12333837.69999999,218338.69999999984,7601763.1,17004.100000000002
651,23403935.50000002,12355857.300000014,216293.30000000002,7594739.6999999955,5996.399999999993
652,23478694.60000002,12384030.899999993,217912.59999999977,7580098.399999999,6986.199999999999
653,23384477.400000013,12284768.10000001,264508.09999999957,7581402.799999993,12008.099999999995
654,23718380.700000018,12488798.899999978,214214.1999999999,7685536.599999999,12849.499999999995
655,23362749.399999972,12332992.09999998,215198.99999999962,7593825.6000000015,8007.1
656,23424774.700000018,12344137.399999999,232026.6000000001,7600872.399999998,11008.499999999976
657,23381243.90000002,12264007.999999998,241607.6999999998,7565948.100000004,16996.700000000008
658,23878994.000000004,12567856.100000001,252701.00000000017,7745449.600000005,12001.499999999995
659,23877229.099999994,12557001.899999991,222876.20000000024,7745905.200000001,12008.899999999996
660,23263013.399999984,12213971.299999995,225977.5999999997,7579851.900000008,9013.299999999992
661,23331877.299999963,12265441.000000002,229157.50000000015,7552285.700000007,15016.000000000016
662,23601670.199999996,12462668.800000018,217223.70000000016,7644307.800000009,15009.200000000012
663,23479512.300000023,12359619.300000003,221272.60000000006,7637456.900000002,7001.099999999996
664,23319230.49999998,12311071.7,218082.89999999994,7552419.699999999,8003.0999999999885
665,23909769.699999996,12571542.500000002,244944.4999999998,7749983.699999999,4001.400000000001
666,23126659.700000007,12175363.6,249038.99999999985,7478640.200000002,12002.399999999994
667,23758200.600000005,12466041.799999995,239223.60000000012,7673507.400000001,12978.8
668,23604103.400000025,12435940.799999997,225135.30000000005,7674726.600000014,6002.000000000004
669,23412121.900000002,12316963.299999991,222884.00000000023,7592841.999999993,7994.499999999997
670,24292860.099999994,12808009.500000002,234425.5000000001,7863881.299999999,11002.79999999998
671,23708288.800000004,12483409.399999984,220126.99999999997,7699401.499999999,11991.5
672,23463714.10000001,12451072.900000006,235952.40000000005,7597188.599999997,7993.299999999999
673,23638374.9,12424963.900000002,229632.59999999986,7643921.8999999985,12025.999999999995
674,23465416.999999966,12381539.500000007,221529.29999999996,7606548.000000002,10991.69999999999
675,22986005.699999984,12081570.199999996,215601.0999999999,7435440.600000001,9002.499999999995
676,23202547.199999973,12165445.2,233008.69999999984,7539733.399999994,6990.699999999996
677,24407471.20000001,12844707.000000004,244369.70000000013,7868945.000000004,15988.000000000005
678,23972431.400000036,12625036.100000001,251810.79999999987,7763972.4,18059.7
679,23548943.800000004,12379378.699999988,226318.80000000005,7631302.300000003,10990.9
680,23345211.100000016,12319600.199999997,230680.39999999997,7555033.999999995,15272.79999999999
681,24407610.90000001,12857415.299999997,233059.3999999999,7900091.6,11057.799999999994
682,22321626.799999963,11801614.40000001,223918.99999999974,7268204.999999999,13008.100000000008
683,23889578.899999995,12551962.699999979,234246.40000000005,7796443.399999998,9002.599999999997
684,23449405.800000012,12312342.300000012,233291.29999999993,7609761.4,8001.60000000001
685,24964759.100000028,13386090.60000001,259864.60000000024,8098229.199999994,18050.900000000027
686,24475451.200000007,12987850.999999983,268953.49999999924,7893522.200000009,17993.899999999998
687,24525722.99999999,13009222.599999983,264485.59999999974,7911154.199999991,25738.000000000015
688,24207775.80000001,12770952.500000006,271865.79999999993,7807646.999999991,24962.200000000008
689,24302028.000000007,12858686.900000002,238433.1,7918109.899999999,18034.100000000013
690,24551264.00000002,13024724.60000001,241882.50000000032,7931298.600000006,17020.500000000007
691,24135500.79999999,12803598.400000004,289762.3999999999,7835140.099999992,17865.9
692,23935912.6,12684846.100000005,261666.40000000002,7772052.900000005,22996.999999999985
693,24049002.700000007,12782903.200000005,248297.00000000012,7825340.100000003,16038.799999999997
694,24795199.09999999,13081212.90000001,255314.8999999999,7983727.600000002,18050.90000000001
695,25544898.4,13671213.600000009,282310.2000000002,8224096.000000005,26037.699999999997
696,24756379.999999944,13159888.700000005,260157.5999999999,7947107.899999997,14004.00000000001
697,23821373.300000012,12646777.499999994,276932.4000000002,7739408.200000003,11985.299999999994
698,25668971.79999998,13603646.599999983,277252.0999999999,8266556.099999993,11018.899999999996
699,24250099.399999987,12981414.80000001,257243.20000000024,7842436.499999999,24171.99999999999
700,23928163.699999988,12682696.899999997,270921.59999999974,7752912.200000008,13779.599999999991
701,24815630.800000016,13188369.600000003,266453.59999999974,8033501.5,10999.4
702,24404925.599999975,12957160.100000009,266963.9000000002,7860340.800000001,14021.100000000002
703,24115485.200000003,12824869.499999994,283038.1000000002,7827962.10000001,14001.800000000005
704,23893759.79999998,12639787.499999987,281961.1999999999,7680419.900000001,16950.100000000006
705,23956131.899999995,12779248.500000006,260862.29999999987,7764272.59999999,19997.700000000015
706,23928587.4,12657951.600000013,231407.89999999994,7697512.600000003,10994.700000000004
707,23658376.000000015,12429432.5,277347.4999999998,7605777.500000004,19000.3
708,23800936.90000001,12591069.700000003,256897.7999999998,7707055.900000002,17032.7
709,23912576.199999996,12771849.599999988,263097.4000000005,7739686.200000001,12008.999999999984
710,24446820.600000016,12980700.400000017,267336.5000000001,7878602.699999996,14016.600000000017
711,24205281.000000015,12843996.199999992,257121.00000000015,7839973.799999998,18003.200000000033
712,24607181.500000034,13155027.6,267577.4000000004,7971990.299999994,21015.000000000022
713,25868872.700000025,13766108.799999993,267689.3000000001,8466145.90000001,28350.999999999996
714,26955421.09999997,14213076.599999977,292855.5000000003,8602780.899999995,30038.000000000047
715,24245049.39999998,12897971.800000012,279214.4000000001,7936124.499999995,13603.299999999996
716,24399826.200000033,12987136.999999993,241652.4,7948783.600000007,14006.099999999999
717,25141336.099999994,13362778.400000026,281758.5000000001,8146623.100000003,19885.699999999993
718,24088061.09999999,12829705.399999999,268345.39999999985,7836158.900000002,19032.100000000002
719,24953352.799999997,13196697.200000003,254348.20000000016,8002546.099999995,24977.100000000002
720,27583945.59999999,14495843.900000006,296020.2000000002,8875676.999999996,19986.600000000002
721,25944927.60000003,13847698.3,254594.29999999984,8371157.499999987,20939.09999999999
722,24552334.400000017,12996677.000000007,268068.49999999953,7966590.000000002,25226.100000000002
723,25009741.599999994,13333273.299999999,260794.4000000001,8079471.700000005,13023.599999999997
724,25133383.4,13371675.09999999,263908.50000000023,8178434.099999995,21025.40000000002
725,23818891.699999996,12599833.900000004,302390.7999999993,7702311.699999996,19026.400000000027
726,25617259.20000002,13543610.500000006,273863.6000000004,8256630.700000004,13007.799999999994
727,23550368.79999999,12432587.100000003,242745.2000000002,7586764.000000008,11999.200000000006
728,25472919.500000007,13461235.20000002,324776.4999999998,8181107.800000005,15034.499999999985
729,27396770.400000006,14315384.70000001,312898.00000000006,8973476.799999993,32965.199999999975
730,24409702.399999995,12921587.199999988,295470.69999999995,7948019.799999998,23996.89999999999
731,24301996.500000022,12897014.299999988,279962.7999999998,7931453.100000004,15009.700000000004
732,24003120.19999998,12687549.899999993,273446.00000000006,7760385.7,14013.399999999994
733,23316177.500000015,12304464.500000007,235052.89999999994,7536301.799999994,14008.100000000015
734,23217577.60000002,12206444.100000005,269380.49999999994,7488677.699999997,11655.800000000012
735,23393419.699999988,12331823.19999999,265874.80000000005,7576701.699999999,12014.099999999997
736,22781226.000000004,11989917.400000013,261711.70000000024,7408882.5999999875,7002.399999999991
737,23056461.299999997,12179709.899999995,262214.79999999993,7439519.000000003,19009.999999999996
738,23492537.800000045,12439276.499999993,249566.6000000001,7630556.000000008,14938.29999999999
739,23582210.4,12455254.8,255316.60000000012,7631359.100000003,9012.50000000001
740,24057117.200000018,12650890.899999995,272309.5000000001,7768768.399999996,7992.099999999999
741,22584202.29999996,11891995.30000001,268150.90000000043,7314107.900000002,14997.500000000018
742,23214624.1,12227766.299999993,290448.9,7524900.399999998,8025.699999999996
743,24246596.999999996,12758614.800000006,269774.39999999985,7818163.999999996,5995.200000000001
744,23355635.200000014,12306469.7,256218.0000000002,7610496.700000008,9002.800000000016
745,23041829.7,12126690.29999999,268063.49999999977,7457983.899999988,16003.499999999984
746,23458460.00000001,12355771.399999999,262228.8999999999,7583241.900000006,10985.299999999997
747,23986852.900000013,12634096.699999994,274902.5000000004,7794558.899999995,20033.499999999985
748,23167208.79999997,12223991.399999991,241978.09999999971,7542541.8,12003.300000000001
749,23307277.59999998,12288111.999999996,243583.19999999975,7599913.1999999955,10002.700000000019
750,23167733.200000014,12230247.100000005,271604.9999999999,7498167.600000003,11180.49999999999
751,24437288.49999998,12898524.999999996,266018.1000000004,7918564.000000003,18005.799999999992
752,23555229.20000002,12412248.700000001,285232.4999999998,7623386.399999996,9002.899999999987
753,23742952.699999996,12521273.499999994,247396.00000000023,7711418.699999994,9995.900000000009
754,23206275.200000014,12220378.199999984,279442.60000000003,7496757.6000000015,11007.70000000001
755,23876737.1,12569046.800000023,255943.39999999997,7760424.5,19899.09999999998
756,23241747.100000013,12250074.800000012,261374.50000000026,7540880.4999999935,9908.200000000015
757,23789974.500000015,12519471.59999997,279632.59999999974,7697898.2,7002.1000000000095
758,23869004.20000001,12604069.3,259103.69999999972,7707833.900000001,7997.299999999997
759,23608191.200000037,12477803.299999997,231301.6000000001,7654815.100000001,11096.800000000003
760,23193097.400000002,12222139.499999993,255883.59999999995,7555600.400000001,11009.099999999997
761,23198149.50000003,12212982.500000006,263009.3999999998,7509593.799999997,7995.300000000006
762,22908108.89999999,12074868.999999993,262715.4999999998,7398904.399999993,16012.599999999991
763,23249879.099999994,12236855.099999994,261923.3000000001,7584316.799999997,13992.800000000016
764,23324116.40000003,12305258.299999995,225290.00000000006,7612121.400000003,14021.899999999989
765,23241586.39999996,12253588.899999987,236713.7000000002,7570863.700000004,14003.500000000007
766,23265986.000000007,12262718.799999993,255041.00000000017,7579279.999999998,8980.7
767,23329003.699999996,12309760.80000001,264845.49999999936,7602526.800000004,9009.399999999996
768,23790353.899999995,12535219.499999993,276173.70000000024,7728369.899999999,8870.699999999993
769,22903340.399999995,12039976.199999994,294829.19999999995,7437471.999999995,6991.899999999997
770,23647706.200000025,12476558.4,247283.49999999997,7659882.700000002,12721.400000000001
771,23606437.499999974,12469423.099999985,269575.7999999994,7622438.899999999,11031.2
772,24127058.199999996,12719316.699999996,264689.6999999999,7767618.299999996,11659.400000000007
773,23054155.300000016,12198365.000000019,244130.7999999999,7478368.6999999955,4989.200000000001
774,23831914.500000007,12583239.499999996,270731.4000000002,7747120.199999996,10008.700000000003
775,23446330.29999998,12345808.300000014,267606.90000000026,7672552.200000003,11002.000000000005
776,23165090.1,12200084.2,265327.0000000002,7528577.600000001,11997.000000000016
777,22972531.899999976,12088250.800000012,280128.49999999977,7434936.699999993,6983.8
778,24089186.799999975,12743406.600000009,271874.59999999986,7855604.3000000045,4007.2999999999993
779,23943819.400000013,12645732.9,279914.0,7750592.599999991,11993.49999999999
780,23490998.600000005,12401818.199999984,269227.50000000035,7612224.100000001,6059.0
781,22892103.19999999,12037240.699999979,281755.59999999945,7446749.299999999,8013.199999999989
782,23544260.00000001,12443556.500000017,249091.2999999998,7676186.199999998,14803.700000000015
783,23090413.10000004,12202728.099999985,272914.0999999999,7543684.199999996,7001.700000000007
784,23515534.900000036,12384427.6,299241.9999999998,7598292.900000001,8004.600000000001
785,23277353.19999997,12264463.9,253117.8000000001,7589054.300000001,12998.6
786,22784405.499999966,11994509.300000003,265087.39999999973,7441567.700000016,10997.800000000005
787,24296636.999999978,12812085.400000015,262053.90000000029,7848901.9,11008.300000000007
788,22913065.500000022,12107358.600000005,259121.40000000008,7388059.700000009,17015.700000000044
789,24631793.700000033,13003436.099999994,275463.8,7959635.399999994,16009.500000000024
790,22947834.800000016,12142740.099999992,261655.79999999978,7467246.0000000065,7002.000000000005
791,24110055.499999985,12750243.299999991,273279.3999999995,7872765.899999999,10058.200000000015
792,24232994.89999999,12783191.099999994,283309.8000000001,7869453.600000004,9988.400000000003
793,23195194.499999978,12244157.800000004,264481.5999999998,7536193.099999998,9019.199999999995
794,23423902.4,12356051.899999993,282823.6000000006,7580910.399999998,17023.299999999963
795,22517023.9,11876482.699999997,274464.8999999996,7339870.100000001,7983.899999999994
796,23504421.20000002,12354268.900000008,278588.0999999996,7635585.200000006,12000.800000000003
797,23920889.299999986,12609772.499999993,284801.5999999999,7780662.799999996,6995.599999999997
798,23785878.30000001,12543489.799999984,290987.9000000001,7742158.999999996,10835.799999999985
799,23276661.400000017,12281873.799999984,289128.6999999998,7548668.600000002,9997.599999999999
800,23356752.399999976,12334024.999999987,269076.69999999984,7584942.000000002,12003.800000000005
801,23233431.000000007,12250185.30000001,307786.8,7472618.0,19010.3
802,23989018.299999963,12594826.300000006,296795.1999999996,7751990.799999998,13003.200000000008
803,23087591.50000001,12174785.999999994,290918.79999999993,7462988.599999996,14003.29999999998
804,23077355.49999999,12159231.699999994,284616.89999999997,7462769.2,17823.200000000015
805,23527280.999999996,12399521.79999999,270240.19999999995,7622170.899999988,12579.699999999997
806,23183958.999999985,12198427.299999999,258327.89999999976,7523431.300000005,12009.60000000001
807,23401645.699999996,12311830.899999995,270082.3999999995,7628476.999999997,6008.200000000001
808,23731066.799999975,12509931.8,271245.99999999994,7718246.299999992,14144.599999999993
809,23398456.799999982,12327707.000000015,286678.4000000005,7569619.299999993,7000.9000000000015
810,23944529.799999975,12647720.299999978,286252.6000000004,7747360.699999995,9006.500000000005
811,23504683.9,12351127.099999974,310764.7999999999,7644491.799999992,18003.599999999977
812,23096701.9,12235560.500000006,269406.60000000044,7496343.699999994,8980.79999999999
813,22971056.099999983,12098582.7,281118.3000000004,7474302.1,13004.699999999999
814,23209074.89999998,12206007.100000005,294341.4,7534215.9,8986.000000000002
815,22984376.899999984,12121549.400000004,270231.9000000002,7505504.199999997,12995.70000000003
816,23391264.000000026,12333914.199999988,277979.6000000002,7596664.100000009,14014.400000000007
817,23647201.399999976,12442365.799999999,281830.50000000006,7647435.300000002,13007.00000000003
818,23614770.699999996,12448802.400000004,309949.2999999996,7677738.500000003,13008.29999999999
819,23067582.10000002,12138970.1,285095.6999999999,7479859.999999992,9997.200000000003
820,23000317.80000001,12115413.200000003,286083.9999999997,7451386.900000003,9012.800000000003
821,23166320.60000001,12246964.099999998,273677.7999999999,7576603.099999997,16998.7
822,23347780.200000007,12302136.500000017,299203.9999999995,7587943.299999998,9974.699999999992
823,24528670.49999998,12912326.100000001,274783.6999999998,7944131.600000005,8097.900000000009
824,24224077.499999996,12782464.900000008,300238.70000000007,7830299.400000009,10997.899999999998
825,23898214.599999998,12611603.399999999,272264.10000000027,7800313.900000008,13772.300000000003
826,23649453.599999998,12482904.400000015,289153.20000000024,7642409.400000008,13997.29999999999
827,23661719.199999973,12520207.299999988,287200.7000000004,7707281.399999996,15095.800000000017
828,23530169.8,12394446.999999978,291183.19999999966,7673429.699999996,10999.59999999999
829,22575389.000000026,11873694.80000002,290972.99999999965,7366186.500000006,6995.900000000001
830,23387607.0,12313279.50000001,271340.0999999998,7606200.500000004,10996.699999999993
831,22887467.399999965,12031195.599999994,298317.7999999998,7443612.899999995,8992.00000000001
832,23969741.30000001,12643837.200000005,268166.1000000001,7797554.799999991,10008.400000000016
833,23448289.59999997,12367877.7,273010.40000000014,7639964.899999998,13003.699999999979
834,23284760.50000001,12267552.9,302552.5000000002,7557030.1000000015,9009.10000000001
835,24229115.99999998,12779247.599999994,294103.7000000006,7834634.599999995,13019.899999999989
836,23295523.29999997,12336996.399999991,296674.8999999993,7585274.200000002,12980.500000000004
837,23512306.599999964,12411157.100000018,272248.50000000023,7654525.899999998,6996.899999999996
838,22608561.600000028,11914769.399999991,317988.90000000014,7347638.000000001,6999.599999999998
839,23732563.000000022,12527426.700000001,306775.50000000006,7724560.400000007,15013.300000000027
840,22868947.499999993,12052508.400000002,282543.89999999985,7429829.3,6019.100000000004
841,23767649.800000023,12543006.100000013,289946.9000000002,7742161.0000000065,14982.499999999998
842,23884703.499999974,12590667.099999992,264700.8000000004,7783105.2,16857.800000000003
843,23387425.700000018,12377434.700000007,294775.10000000027,7572248.800000002,14071.499999999962
844,22554698.700000007,11932595.000000007,301920.69999999955,7382688.500000003,11019.800000000001
845,23243085.6,12253312.599999992,297946.3000000002,7581895.899999998,14233.400000000003
846,23923686.89999999,12637058.600000026,279840.2999999997,7799487.300000001,10989.800000000001
847,23923343.99999998,12650106.100000009,297192.6999999998,7802161.500000004,7002.400000000022
848,23272404.099999983,12285924.8,295254.39999999997,7555627.1999999955,10007.500000000002
849,23291450.600000016,12364815.09999999,266408.70000000024,7598673.900000007,16990.40000000001
850,22821474.69999999,12068044.29999999,303792.20000000036,7472546.300000008,13003.199999999997
851,23254411.300000016,12265569.2,296112.89999999973,7568578.499999986,10001.400000000009
852,24151703.200000025,12749695.8,293984.89999999973,7852548.8999999985,12997.000000000018
853,23093567.59999997,12209505.6,254561.6000000001,7530466.499999998,8012.899999999988
854,22789058.69999999,12050904.999999996,301122.3000000001,7431221.999999998,12044.1
855,23122030.699999973,12161110.200000003,319707.89999999973,7481314.400000008,15014.699999999995
856,23640240.899999976,12493266.9,309393.30000000005,7697903.200000008,11030.100000000015
857,22697753.699999996,11986995.399999999,308309.00000000023,7342878.49999999,10990.599999999984
858,24086443.599999964,12682010.400000008,304417.59999999974,7827984.399999999,12019.500000000025
859,22891089.700000033,12090651.599999987,305421.6999999997,7437710.300000004,8995.300000000017
860,23655786.80000002,12552659.100000007,277419.1999999999,7766766.400000011,11024.299999999983
861,23278452.299999982,12338220.099999994,274241.7999999997,7623619.800000007,9100.300000000001
862,23470244.6,12382969.700000022,318885.99999999953,7624627.100000004,10003.099999999993
863,23307790.399999984,12279004.600000016,291107.6,7582171.900000009,11016.000000000005
864,24186265.100000013,12748004.599999992,287679.6999999998,7815632.699999996,17020.3
865,23585178.800000057,12407262.200000007,309531.5000000001,7709036.800000003,10007.199999999999
866,23768301.499999974,12518698.100000015,322283.99999999977,7719364.499999995,7002.099999999999
867,23283119.200000018,12312339.599999994,299404.89999999973,7607933.500000006,8001.800000000003
868,23467059.299999993,12385622.199999997,284005.4,7641644.300000004,15999.20000000003
869,24059851.40000002,12701051.89999999,308778.0999999998,7805191.7,16868.600000000002
870,22915372.30000002,12121058.799999991,283044.0000000002,7466068.400000006,11992.300000000014
871,23622059.099999968,12478155.799999993,289419.4999999998,7692745.200000006,12800.100000000004
872,23772617.799999982,12547532.300000006,314702.90000000026,7728747.800000004,13991.300000000007
873,24112521.099999983,12687661.79999998,302172.5000000002,7873818.800000001,9008.700000000003
874,22470280.20000002,11884279.999999981,295042.90000000055,7335219.399999997,10003.299999999996
875,23301415.400000032,12334955.49999999,300140.30000000045,7596917.200000001,12013.499999999995
876,23803659.400000043,12539157.499999993,306765.4999999995,7698894.500000006,16016.199999999979
877,23238744.199999984,12282553.499999998,301646.0000000004,7594448.900000007,8006.400000000001
878,23259637.800000004,12274995.599999994,312930.0999999997,7586820.200000006,13024.200000000004
879,23601521.400000006,12460044.900000013,292367.8000000001,7676311.800000003,8990.499999999998
880,23527197.200000007,12419495.899999997,295132.9000000003,7685198.399999994,10995.300000000001
881,24285246.899999995,12817011.699999996,310654.6000000002,7917298.399999996,14998.900000000001
882,24144157.6,12772399.199999997,279170.60000000044,7887358.499999999,14017.79999999998
883,23238805.599999983,12242780.299999997,335912.4000000002,7537153.1,14017.699999999999
884,22586779.900000006,11971568.90000001,288840.29999999993,7372406.200000002,10380.100000000015
885,23685277.400000025,12490981.999999994,303552.6000000002,7730160.199999998,8999.300000000005
886,22551159.999999966,11918017.29999998,303956.1999999999,7334698.6000000015,13015.0
887,22894092.29999999,12091476.999999998,292465.30000000005,7479225.099999991,17031.799999999992
888,24124868.499999996,12727137.699999996,306100.69999999966,7868602.100000005,6013.100000000006
889,22761175.399999976,12010050.799999999,316459.9999999998,7430069.6,9009.000000000013
890,23599836.699999988,12469845.7,328051.4000000001,7669395.399999996,13990.900000000007
891,23569708.799999997,12421904.700000003,300857.79999999993,7717170.299999995,11182.599999999986
892,23561187.799999982,12412034.899999984,332443.69999999966,7664717.299999993,16005.00000000001
893,23743496.499999974,12508312.600000022,318084.4,7733299.6,14090.099999999991
894,23340150.90000002,12327634.09999999,303109.30000000016,7630314.800000002,11019.700000000008
895,24112409.500000004,12725947.70000001,300282.3999999996,7825630.199999996,9982.600000000002
896,24094585.299999982,12697448.500000006,307970.8999999999,7846256.099999998,15021.799999999994
897,23713204.699999996,12500160.600000005,321162.1,7678199.7,9955.300000000001
898,23079990.299999963,12212492.599999994,321233.3999999999,7549590.400000007,9008.899999999994
899,23421498.399999995,12344532.100000009,353026.80000000016,7612883.400000003,15007.399999999996
900,24139916.699999996,12757780.700000014,304414.30000000005,7893996.699999994,6994.999999999998
901,22845863.099999998,12081830.299999999,303662.40000000026,7438551.600000007,7161.200000000009
902,23940303.9,12623694.900000008,332135.7999999999,7787079.499999995,12910.900000000001
903,23760053.4,12537060.199999988,314018.69999999995,7772048.300000003,10980.699999999993
904,23359150.799999997,12323068.400000013,342524.39999999973,7633282.699999996,10996.400000000007
905,23922250.299999993,12655068.500000002,321224.99999999994,7794220.700000005,13021.399999999996
906,24276081.899999984,12831700.9,299153.8999999997,7945813.0,9002.899999999992
907,23334948.199999984,12296551.099999998,321959.00000000006,7620872.300000002,10014.599999999997
908,23661834.10000004,12516621.900000004,284418.59999999974,7744420.399999996,11024.6
909,23807946.100000016,12579465.999999993,287736.2999999998,7740548.100000006,15006.000000000005
910,23459899.800000012,12403678.399999987,294170.4000000002,7667114.199999997,9002.5
911,23646175.199999966,12529533.200000027,323952.4999999993,7688663.800000003,7017.900000000004
912,23944560.799999997,12687261.599999994,296743.19999999995,7807300.800000002,16996.20000000002
913,23871849.300000004,12603632.399999997,322336.39999999985,7773990.100000001,13991.00000000001
914,23686881.00000002,12534711.1,321251.5000000001,7722655.699999996,13020.299999999992
915,23615525.000000004,12402951.9,328195.9000000004,7675191.699999994,10006.399999999992
916,23674022.29999995,12467576.200000005,323160.40000000043,7715060.900000003,16308.300000000008
917,23340209.199999996,12314043.400000002,288247.19999999995,7636277.899999998,12018.899999999992
918,22955449.599999968,12119153.700000007,293087.10000000003,7518534.100000001,10996.899999999998
919,23949802.39999998,12659445.599999994,323801.20000000024,7822912.000000001,10997.899999999992
920,22985458.899999987,12167046.799999977,353375.4999999998,7484747.20000001,9009.200000000017
921,24038479.69999999,12673859.499999994,332380.5000000002,7837729.199999996,12002.800000000008
922,22629535.20000002,11989159.000000004,323236.9000000004,7370616.799999995,9019.799999999996
923,22984640.500000015,12130377.200000023,319411.4000000002,7500611.000000005,10008.000000000016
924,23779487.300000004,12568915.60000001,332127.7000000003,7765307.699999995,6001.500000000006
925,23779056.300000004,12604008.099999988,321758.8999999996,7757495.800000003,8991.999999999989
926,24600941.799999967,12996295.89999999,320005.9000000001,8032485.800000001,16003.499999999969
927,23116665.899999987,12197247.499999993,281902.89999999973,7549235.100000007,13995.89999999999
928,23001040.10000006,12188315.29999999,318012.99999999965,7548025.8,12999.000000000004
929,23008241.100000013,12138387.600000005,321276.50000000006,7496924.700000002,18029.000000000004
930,22719055.999999978,11981710.500000002,344445.69999999995,7398561.000000009,9998.700000000008
931,23349671.799999967,12293162.700000009,316957.50000000047,7606883.300000005,20435.100000000013
932,23407368.4,12333162.2,339828.10000000044,7623475.800000008,11002.999999999993
933,23528255.100000042,12456817.700000005,323743.50000000035,7717983.399999993,7000.999999999999
934,23441031.800000004,12379192.699999986,311732.5000000002,7625954.700000002,15005.600000000013
935,23251377.600000016,12269413.19999999,351148.6999999999,7594677.299999987,13996.500000000025
936,23535214.79999999,12454651.299999984,332828.8000000002,7705412.700000006,12003.500000000002
937,23362352.700000007,12343468.5,335949.89999999927,7654571.699999996,9045.500000000015
938,23179242.699999996,12244757.000000007,366781.9999999999,7558247.7999999905,17344.800000000003
939,23170543.500000022,12231987.700000005,326153.8999999998,7567455.700000001,8998.099999999986
940,23983620.900000002,12645760.399999993,292570.2000000001,7831030.899999993,15036.999999999982
941,23419132.900000013,12390694.200000009,314054.9000000005,7671269.999999996,7008.0
942,23401346.400000006,12357142.199999992,321075.8000000004,7610979.799999998,14995.0
943,23685606.999999996,12457462.599999994,362684.59999999974,7695567.100000002,11003.500000000007
944,23517103.99999999,12423160.500000006,328336.7999999997,7697421.500000004,11002.000000000007
945,23230891.099999994,12262621.69999999,342983.69999999995,7631225.599999994,11010.600000000006
946,23804879.00000001,12553569.399999984,335484.8000000003,7766161.800000006,11754.600000000002
947,23551765.500000007,12470810.000000006,322403.6,7683240.400000004,17003.09999999999
948,23449182.900000002,12342734.400000004,347195.1999999994,7663389.400000002,11972.499999999998
949,23441292.699999984,12382473.999999998,303893.00000000006,7668676.900000005,12009.199999999999
950,23526031.700000014,12451508.300000004,344074.4999999998,7691517.400000002,13013.000000000005
951,23415435.900000013,12346653.900000015,349387.6000000005,7604604.699999991,9990.099999999999
952,22973770.799999982,12103557.099999994,327991.6000000004,7467237.09999999,13173.099999999995
953,24016314.29999999,12732881.899999995,318017.70000000024,7838898.700000002,14123.600000000008
954,23548715.000000007,12417847.000000015,347551.2999999996,7689475.5,10000.500000000002
955,23274958.39999999,12311659.499999994,316287.6000000002,7599161.699999998,13260.099999999982
956,23735858.79999997,12502326.700000016,321267.70000000077,7773957.099999999,9990.299999999996
957,23673226.899999972,12487518.600000005,353111.1999999996,7722236.900000002,11002.9
958,22644737.799999993,11996140.099999985,312746.2999999997,7422710.999999997,14011.00000000001
959,23047111.599999994,12219888.999999996,327920.6000000001,7526206.299999998,12998.699999999999
960,22809349.800000016,12048822.700000012,346534.9999999995,7465716.299999999,10018.000000000007
961,23313465.60000004,12299631.600000007,338104.4000000006,7633852.299999994,9008.399999999998
962,23437231.899999965,12372155.799999993,310048.50000000006,7610238.400000001,19861.199999999983
963,23828093.3,12602370.500000017,341708.9999999999,7777377.799999995,14008.899999999998
964,23397360.599999964,12375071.200000023,324048.89999999997,7631445.399999997,14974.500000000015
965,23511590.89999999,12422939.700000001,336620.3000000002,7684596.099999988,11900.800000000008
966,23760525.200000018,12557842.000000002,316116.60000000044,7759995.300000002,6013.100000000002
967,23493236.00000001,12404882.300000012,338089.5000000001,7657542.799999999,13009.800000000001
968,22918457.500000015,12112067.499999993,362258.7999999998,7458105.499999999,13986.400000000005
969,23931653.399999984,12664446.099999998,318897.69999999984,7825332.700000006,7990.600000000007
970,24269109.49999999,12850719.19999998,338725.50000000006,7915175.899999996,12998.799999999997
971,22714884.40000002,11976720.70000001,374141.89999999997,7401983.700000008,16005.499999999989
972,23567169.09999998,12451126.400000004,325113.8000000001,7667323.599999995,10003.200000000006
973,23277610.79999997,12333663.399999999,340704.30000000045,7610109.3000000045,8002.200000000003
974,23640318.50000001,12475536.099999988,308874.20000000007,7709299.700000003,10002.900000000001
975,22405277.399999995,11830447.799999999,322765.2999999997,7318274.800000004,10986.899999999985
976,23327920.39999998,12305193.700000007,329142.10000000027,7601733.699999996,11844.5
977,23313860.699999996,12325126.599999992,319845.1000000005,7595622.4,10830.000000000011
978,23298409.39999996,12336726.899999997,338084.8999999998,7621406.900000013,15985.600000000008
979,23550644.999999978,12438965.499999994,335327.19999999966,7700245.800000004,9009.999999999996
980,23960849.09999997,12671710.200000001,334766.8000000004,7828870.8000000045,12035.099999999997
981,23489101.600000005,12399191.900000013,338105.2000000003,7676636.399999999,4000.5999999999985
982,23770359.200000003,12511145.200000005,352218.2000000007,7745368.700000004,10990.899999999987
983,23783510.800000012,12521681.49999999,345027.0999999992,7760945.799999991,16020.400000000034
984,23776652.900000025,12592744.600000022,334444.6,7782588.000000002,10980.699999999995
985,22814476.60000004,12065189.599999996,324833.4000000004,7470112.699999999,14877.39999999999
986,23040286.10000001,12173496.699999984,354268.10000000044,7522948.800000005,9007.199999999979
987,23803683.400000013,12544186.100000016,374995.5999999999,7773547.399999996,7994.700000000004
988,22948534.300000004,12155449.500000017,319827.0999999992,7551591.299999991,4001.099999999998
989,24533815.600000005,12945237.699999997,345545.2999999997,8013405.800000005,9005.899999999996
990,23411072.599999987,12407389.500000017,347173.5999999999,7686526.999999996,12981.199999999999
991,23393761.499999996,12392613.300000025,336147.2999999998,7666288.59999999,13009.599999999999
992,23291826.699999966,12325158.399999984,318079.8999999999,7655774.900000004,11009.500000000025
993,23591413.899999995,12467009.900000002,364033.49999999965,7643759.399999996,13224.599999999986
994,22546246.299999963,11961930.000000002,330934.69999999966,7409537.100000002,13998.500000000004
995,23273307.80000002,12331820.400000004,321718.49999999965,7606879.999999997,9018.499999999996
996,23338296.200000014,12324954.999999996,375250.4999999999,7616755.3999999985,13032.099999999993
997,23202037.199999973,12242731.800000018,351141.80000000005,7624756.299999993,7007.600000000002
998,23562911.699999984,12453552.899999995,356534.9000000001,7701664.1000000015,10013.200000000006
999,23401742.3,12389920.400000002,350078.6,7689293.499999996,16997.499999999975
