pat_len,txt_len,naive,RK,BM,KMP,python
10,11,0.0,3236.7599999999998,121.2100000000001,3687.2500000000173,1465.0299999999975
10,12,1669.670000000001,1599.2000000000041,87.23999999999972,5030.780000000006,0.0
10,13,1592.6399999999985,1749.7600000000016,1657.1799999999917,3285.5800000000254,0.0
10,14,1677.4100000000055,122.46999999999962,1812.7200000000025,5076.779999999993,0.0
10,15,186.73000000000093,4882.880000000005,65.4799999999999,1703.7299999999957,0.0
10,16,306.08999999999963,4808.509999999997,3248.880000000013,137.1900000000008,0.0
10,17,296.0699999999996,7980.760000000008,4733.769999999987,137.79999999999995,0.0
10,18,8032.019999999987,555.1400000000024,174.96000000000052,1502.530000000003,0.0
10,19,92.47999999999963,3337.3700000000013,1635.4200000000073,6460.2800000000225,11.060000000000022
10,20,206.98000000000025,5009.300000000005,1737.9000000000099,3240.579999999993,0.0
10,21,96.83999999999988,3612.1699999999905,4801.559999999998,4729.320000000011,0.0
10,22,1564.250000000009,3370.659999999997,72.67999999999996,3516.750000000023,1564.3100000000022
10,23,3233.7499999999914,1822.930000000009,3396.1099999999933,4953.240000000016,0.0
10,24,1609.2099999999896,3460.12999999999,3457.920000000006,4844.679999999991,1564.3499999999985
10,25,135.74000000000018,315.72000000000196,0.0,6634.819999999985,0.0
10,26,3330.580000000003,3333.54000000001,1822.0600000000095,6608.749999999997,0.0
10,27,3168.7300000000055,4889.859999999978,193.3499999999994,5000.829999999998,0.0
10,28,4920.41999999999,371.17999999999984,9445.609999999931,186.8,0.0
10,29,3260.0799999999895,6630.590000000001,3209.8899999999862,1808.300000000007,0.0
10,30,3391.400000000016,3447.790000000002,4823.940000000016,3326.9399999999964,0.0
10,31,3328.820000000009,9635.119999999959,5020.4200000000055,223.2599999999999,0.0
10,32,3205.6299999999956,3357.72999999999,3530.149999999988,1705.2000000000032,88.97999999999998
10,33,1858.9100000000058,4861.050000000003,3408.990000000007,6471.439999999998,0.0
10,34,6540.669999999993,1864.260000000001,4930.720000000007,3304.1800000000003,0.0
10,35,3587.3500000000045,1839.6300000000008,1688.7500000000036,7972.449999999981,0.0
10,36,8188.359999999986,6348.959999999993,1904.9800000000027,3322.120000000012,0.0
10,37,8258.52000000002,3325.9800000000087,219.18999999999963,4921.030000000013,1636.9500000000016
10,38,4925.040000000007,5049.1899999999905,4767.429999999997,1901.2600000000002,29.520000000000106
10,39,4975.979999999982,1734.500000000007,4938.309999999985,6466.279999999996,0.0
10,40,1780.079999999999,5015.999999999977,4967.619999999997,3484.8799999999833,1564.3700000000097
10,41,6566.219999999944,6495.600000000009,1767.31,5038.21999999998,0.0
10,42,5008.000000000003,3356.149999999996,3353.450000000003,6529.659999999978,0.0
10,43,4973.830000000012,3506.0299999999847,3369.27999999997,6283.030000000002,0.0
10,44,4951.299999999988,3471.060000000001,1842.5099999999984,6486.36000000003,1563.8499999999967
10,45,4945.7300000000205,5142.600000000014,4963.499999999997,3364.0499999999884,0.0
10,46,5060.030000000013,6705.39000000001,1825.9699999999984,4705.18000000001,48.889999999999944
10,47,5530.720000000017,1806.1999999999998,1665.6900000000005,3358.1699999999987,0.0
10,48,8127.1699999999855,8070.9499999999925,3176.2999999999984,530.6000000000004,0.0
10,49,310.0099999999991,6545.169999999964,5093.56,8064.100000000019,0.0
10,50,11520.649999999949,3260.1000000000026,2044.7599999999993,3164.459999999985,0.0
10,51,4960.210000000026,4925.560000000006,4990.559999999998,5027.320000000008,0.0
10,52,3799.920000000032,4885.489999999981,4795.030000000006,8109.819999999989,0.0
10,53,3473.0099999999916,5076.459999999992,3441.310000000019,6335.910000000029,27.59
10,54,3381.9799999999977,6943.660000000001,7932.439999999998,3466.6600000000067,0.0
10,55,9651.429999999984,6752.830000000017,3344.42000000001,1842.0699999999972,0.0
10,56,6478.859999999983,4898.230000000011,3613.4900000000075,6645.220000000033,0.0
10,57,6797.829999999982,3486.5400000000154,6403.939999999986,4804.509999999999,0.0
10,58,3742.3900000000017,5068.159999999978,125.63000000000012,11210.829999999956,69.92000000000004
10,59,3597.1700000000046,5224.729999999993,6356.000000000015,6436.35999999999,0.0
10,60,6309.729999999974,3448.6299999999874,4888.850000000003,7015.72999999999,0.0
10,61,8404.429999999982,3459.6700000000087,6566.180000000019,3276.300000000003,0.0
10,62,9862.769999999993,9864.819999999994,3387.8599999999933,271.8999999999973,0.0
10,63,8251.240000000029,6310.6600000000235,269.2299999999993,6837.740000000011,0.0
10,64,14668.45999999997,2023.6199999999976,6113.429999999999,320.239999999999,139.44000000000017
10,65,6487.2900000000145,6515.55999999999,4903.180000000008,4992.269999999991,1564.3699999999992
10,66,6950.010000000062,6596.5199999999895,3367.700000000013,6479.110000000012,0.0
10,67,8284.680000000037,8151.7599999999975,3347.369999999991,5158.600000000004,0.0
10,68,8473.840000000013,5029.2400000000125,1731.0700000000022,8154.410000000004,0.0
10,69,11367.089999999933,6641.389999999987,1847.8800000000003,3269.740000000004,0.0
10,70,13273.589999999918,6380.340000000002,208.74999999999923,5143.179999999995,0.0
10,71,12981.300000000014,5225.530000000023,3483.0299999999947,3375.5000000000105,0.0
10,72,12960.500000000035,1750.3099999999993,7931.020000000008,687.5799999999996,0.0
10,73,12981.929999999988,3395.3900000000085,1883.289999999995,8351.609999999948,0.0
10,74,5134.500000000027,5079.340000000009,3402.450000000006,8160.130000000037,80.88000000000014
10,75,6700.849999999997,4918.209999999985,11443.41000000005,3547.6300000000083,0.0
10,76,11399.509999999971,5446.810000000005,4730.5600000000095,3464.8200000000006,0.0
10,77,6777.330000000001,6462.819999999991,477.3700000000006,12888.160000000013,0.0
10,78,8448.51999999998,5012.24999999999,3517.100000000012,6504.62000000001,73.9199999999998
10,79,9816.48999999998,5187.719999999989,3320.500000000001,8388.420000000046,0.0
10,80,11497.88,8291.65,4893.769999999993,1881.1100000000006,0.0
10,81,4931.849999999997,8533.630000000048,3327.689999999996,11274.820000000029,74.43999999999994
10,82,8550.849999999959,13010.55999999997,4974.569999999999,1686.4600000000105,0.0
10,83,8949.769999999997,4713.769999999986,6561.900000000031,4811.969999999993,0.0
10,84,8274.36999999999,9802.199999999963,3365.5800000000004,3628.740000000011,0.0
10,85,14949.920000000006,3391.6899999999987,1758.9700000000014,5092.250000000024,0.0
10,86,10352.040000000008,12715.690000000004,1800.4600000000037,5039.450000000028,0.0
10,87,9995.790000000026,2422.480000000007,4812.339999999994,7904.85000000003,0.0
10,88,6792.229999999994,6705.830000000012,5096.269999999981,8183.549999999983,1564.2199999999978
10,89,8537.010000000048,9917.799999999997,1787.019999999992,6538.200000000015,0.0
10,90,13334.770000000031,8073.229999999985,1775.4899999999993,8281.640000000012,0.0
10,91,8365.199999999939,6763.8200000000015,1769.8799999999985,9704.590000000035,58.07000000000011
10,92,13477.820000000003,6656.649999999994,5078.930000000007,4813.870000000015,0.0
10,93,14480.699999999984,6994.389999999996,3307.7700000000013,4917.209999999979,1563.84000000001
10,94,8357.750000000004,9904.66,6626.920000000001,5017.729999999993,0.0
10,95,13300.179999999951,6786.830000000001,6429.99999999999,6657.580000000021,52.08000000000012
10,96,10024.91,8432.90999999998,3544.9999999999955,6421.8400000000165,0.0
10,97,13321.490000000033,6730.400000000021,1659.9000000000015,8292.720000000028,0.0
10,98,11539.36999999998,14705.70000000002,260.20999999999987,5128.860000000006,1563.959999999996
10,99,11598.750000000024,8551.480000000023,3173.449999999998,6642.539999999992,75.91999999999973
10,100,9897.89999999995,11577.950000000032,3508.230000000002,6771.550000000011,0.0
10,101,14663.029999999973,6924.489999999989,3386.5600000000063,5187.100000000017,1668.7999999999995
10,102,5392.750000000002,10077.520000000031,7923.240000000022,8303.910000000007,0.0
10,103,14609.060000000014,5448.280000000019,4996.740000000002,8169.980000000003,0.0
10,104,16322.8099999999,9921.390000000014,455.5799999999985,5060.890000000026,0.0
10,105,6637.509999999998,8823.91000000002,3460.560000000004,11153.580000000016,0.0
10,106,13198.300000000016,9916.640000000021,350.21999999999963,9821.629999999988,0.0
10,107,8961.119999999963,8195.109999999984,4700.099999999999,9901.560000000032,0.0
10,108,15237.119999999979,6664.180000000027,7896.820000000006,5244.600000000003,25.559999999999924
10,109,13173.44000000004,9944.71999999999,3387.459999999994,5242.7500000000155,54.66999999999989
10,110,16320.93999999994,8397.64999999998,237.78999999999823,5163.260000000001,0.0
10,111,11726.059999999985,11623.10000000006,3240.3300000000118,8288.629999999994,0.0
10,112,11952.439999999957,14226.869999999974,1819.1899999999978,5106.530000000012,78.22999999999962
10,113,10079.580000000009,19450.39999999991,3428.1399999999844,1948.6899999999941,0.0
10,114,15020.220000000018,5108.80000000001,6474.650000000003,5111.720000000004,0.0
10,115,11937.090000000044,16422.220000000016,2314.9999999999864,5762.839999999975,0.0
10,116,16952.359999999968,3780.3399999999906,3123.3700000000163,6461.100000000021,0.0
10,117,14856.460000000028,13167.860000000017,3329.870000000006,3502.249999999996,28.559999999999857
10,118,13319.620000000044,11625.95999999996,3418.3399999999992,6720.590000000012,0.0
10,119,10466.180000000022,12709.14000000002,266.1900000000005,7965.239999999996,74.78000000000004
10,120,16559.829999999998,8312.799999999954,207.92000000000147,11363.629999999956,0.0
10,121,16577.269999999895,6626.58000000001,395.16999999999956,10054.89999999995,0.0
10,122,8744.72000000004,11510.930000000004,4878.7300000000205,8177.8699999999935,99.7799999999997
10,123,16642.77999999998,11476.92000000001,3270.7900000000136,5160.300000000022,1631.7800000000045
10,124,16408.49000000004,11789.609999999991,3351.0099999999966,6666.939999999982,25.689999999999955
10,125,14906.459999999981,14688.300000000005,5137.790000000036,3434.4799999999746,0.0
10,126,18258.339999999967,10029.629999999961,1835.759999999999,8241.329999999982,0.0
10,127,18245.99999999997,10245.43000000004,6390.650000000006,1784.849999999992,1569.249999999991
10,128,16605.299999999977,11495.42999999997,350.8999999999998,9854.980000000034,0.0
10,129,17866.000000000095,7217.390000000083,1701.299999999996,5314.860000000017,0.0
10,130,7511.539999999992,8265.629999999981,4861.290000000014,11477.620000000055,1584.630000000001
10,131,13102.420000000011,5511.8599999999715,8279.579999999953,11146.419999999991,66.35000000000002
10,132,15367.949999999983,11525.050000000016,7979.629999999992,5000.839999999984,74.25000000000003
10,133,16738.660000000084,12881.999999999998,1618.329999999992,8691.17000000003,0.0
10,134,17730.51999999997,11964.369999999995,6467.1299999999965,2148.7699999999923,68.59
10,135,15086.510000000028,12999.059999999978,215.64000000000115,10057.81,0.0
10,136,16888.180000000033,11501.91999999998,245.06000000000074,9598.200000000024,0.0
10,137,13175.299999999983,16704.659999999953,3212.710000000001,5379.089999999991,3162.5699999999947
10,138,18347.819999999992,10040.69000000001,3613.979999999981,9656.58000000005,0.0
10,139,18251.759999999897,11730.909999999936,1784.0499999999981,5125.8600000000315,0.0
10,140,18461.959999999995,17866.199999999953,111.88000000000002,5220.26,37.280000000000165
10,141,13475.050000000003,19537.94000000007,3548.3100000000095,4949.610000000005,0.0
10,142,21504.649999999965,10182.309999999976,9439.840000000018,2109.3499999999967,0.0
10,143,13465.079999999996,11439.549999999945,6386.3300000000245,8554.83999999999,128.81999999999968
10,144,20179.229999999912,8518.58999999998,1740.9700000000046,11265.539999999986,0.0
10,145,10441.160000000016,20790.709999999937,3332.850000000009,8582.839999999966,0.0
10,146,12182.669999999991,11532.900000000034,6224.970000000024,6866.280000000006,0.0
10,147,13509.260000000026,19316.750000000004,5039.9200000000055,2367.370000000002,0.0
10,148,16399.919999999936,11658.850000000033,2024.3400000000047,8360.009999999984,1635.8199999999965
10,149,10068.059999999998,16414.609999999935,3440.270000000003,13217.060000000029,1563.8199999999902
10,150,27815.959999999966,1950.3499999999858,3567.2900000000045,9912.299999999997,0.0
10,151,16817.470000000085,12989.489999999983,6681.639999999983,6680.929999999994,132.79
10,152,24862.419999999907,11394.29999999994,129.18000000000023,6916.540000000006,9.789999999999978
10,153,15818.859999999957,14561.14,1690.9500000000035,8121.049999999973,1627.4300000000035
10,154,18158.60999999998,16414.560000000012,1982.4899999999966,8313.709999999997,62.779999999999895
10,155,22989.62999999996,13199.66999999995,1933.0000000000084,6926.640000000006,0.0
10,156,13506.219999999967,11781.730000000003,7963.370000000016,8255.800000000001,1583.3099999999938
10,157,16927.339999999982,10171.719999999961,4877.359999999987,11413.81999999996,0.0
10,158,19827.490000000078,15078.64000000004,3353.0999999999963,8250.909999999982,0.0
10,159,18116.48000000001,15512.459999999968,6375.100000000004,5059.969999999965,0.0
10,160,16601.549999999992,13644.449999999992,3454.1799999999903,8063.499999999996,0.0
10,161,15169.59999999994,11987.110000000022,6407.26999999996,11325.66000000001,0.0
10,162,23669.54000000007,6674.569999999998,4854.770000000017,8302.930000000022,0.0
10,163,23236.479999999923,6740.449999999974,5070.610000000019,5211.109999999987,1606.5300000000009
10,164,20333.68000000005,17831.97999999995,174.95999999999955,6677.280000000005,0.0
10,165,16566.240000000016,10056.719999999958,6525.729999999984,11970.289999999977,0.0
10,166,18693.249999999938,8390.11000000002,1879.0299999999888,13046.539999999979,0.0
10,167,20085.419999999936,17780.180000000004,4968.339999999987,5321.270000000014,0.0
10,168,10574.630000000001,19520.50999999997,3379.2799999999993,14903.99000000005,0.0
10,169,23142.20999999992,16274.069999999909,3423.1399999999967,3794.4499999999884,0.0
10,170,18364.400000000056,14518.909999999974,300.5100000000004,11755.460000000015,0.0
10,171,21632.47999999998,15062.890000000038,3475.0000000000045,8334.73999999998,1564.2900000000043
10,172,21347.43999999993,14921.279999999992,4778.759999999998,7164.5099999999775,0.0
10,173,16908.710000000057,19777.529999999908,1811.2599999999973,9786.650000000016,34.54000000000001
10,174,18322.22999999999,16414.629999999946,1796.1799999999973,11591.949999999933,70.83999999999969
10,175,15279.510000000075,15164.140000000032,1907.9100000000037,8161.47,3161.4300000000003
10,176,28287.27999999995,10151.519999999997,4809.37000000001,3597.989999999996,0.0
10,177,18582.85999999998,13508.919999999991,8133.320000000005,5029.100000000008,1562.45000000001
10,178,14209.680000000044,16271.779999999933,1811.7900000000075,14532.990000000023,40.62000000000007
10,179,19943.050000000036,13497.929999999984,1889.16000000001,12997.650000000005,0.0
10,180,21587.530000000046,8683.069999999967,7996.329999999983,10205.08999999999,1592.5399999999897
10,181,17045.05000000012,16644.219999999936,4887.960000000006,9700.290000000026,0.0
10,182,20024.99000000003,16562.08000000002,3489.9599999999864,6776.01000000004,1563.7900000000047
10,183,26492.039999999946,13170.909999999994,3371.100000000003,7007.229999999997,0.0
10,184,20233.250000000055,13098.290000000055,2014.9200000000046,13128.539999999997,0.0
10,185,24424.01000000002,13486.780000000006,5040.9400000000105,8420.200000000066,0.0
10,186,21763.940000000082,13447.300000000032,1740.650000000004,14531.939999999966,0.0
10,187,30893.64999999999,10711.579999999978,3349.0899999999856,6658.269999999999,0.0
10,188,31534.869999999926,10154.76999999998,4728.970000000015,3436.3600000000006,1650.1800000000055
10,189,18262.830000000005,21366.8,357.0900000000001,13110.869999999995,64.01999999999991
10,190,24714.550000000014,12185.659999999993,3244.7799999999943,10001.790000000008,0.0
10,191,14027.919999999973,20975.289999999917,7979.169999999997,5276.709999999977,1563.9299999999987
10,192,19195.050000000094,17976.709999999995,6505.950000000005,11299.609999999988,0.0
10,193,21561.380000000052,22725.309999999954,233.9599999999996,5266.850000000013,0.0
10,194,19942.920000000046,19846.769999999942,3375.2099999999837,7005.269999999974,0.0
10,195,26356.71999999991,13626.76999999999,159.5700000000001,13098.67,1563.8099999999993
10,196,26192.280000000042,12091.159999999967,4947.650000000004,8471.459999999992,37.63000000000002
10,197,24904.25999999993,11710.100000000013,5035.050000000016,8470.930000000015,1563.8700000000033
10,198,26430.230000000007,13251.799999999968,195.4700000000003,13260.470000000034,1564.3700000000122
10,199,15222.839999999991,23213.16999999997,3386.4500000000075,11481.29000000003,0.0
10,200,21704.630000000085,19925.369999999963,3498.049999999999,8216.81,0.0
10,201,24680.070000000076,13557.200000000008,3330.990000000008,11574.669999999956,1613.6000000000026
10,202,31152.290000000023,10363.200000000033,3323.1099999999983,10040.629999999988,1578.7800000000047
10,203,28123.779999999977,10615.760000000006,3225.390000000006,13181.000000000004,1590.5200000000148
10,204,30052.95999999999,8642.42000000003,3271.7699999999977,11351.639999999992,0.0
10,205,26314.600000000013,14858.099999999913,4963.940000000008,4023.249999999989,79.24000000000017
10,206,23327.980000000003,10380.659999999989,1929.7599999999998,17639.319999999985,0.0
10,207,23367.689999999937,22907.189999999926,290.4200000000002,8487.199999999979,0.0
10,208,21632.800000000047,21051.900000000012,256.2699999999986,13466.550000000001,149.15000000000026
10,209,23233.91999999992,16510.609999999982,4975.340000000027,8744.66000000004,1588.2699999999973
10,210,27834.399999999972,18768.09999999995,1634.22999999999,9936.370000000008,0.0
10,211,23280.870000000006,15173.94999999998,4772.920000000001,11795.759999999993,0.0
10,212,23535.95999999992,18306.849999999966,207.30999999999958,14712.899999999976,0.0
10,213,21970.689999999944,15231.96,4922.42,15987.82999999997,60.1899999999999
10,214,29790.430000000033,15235.849999999982,3286.7499999999995,9888.59999999999,64.33000000000008
10,215,31350.44000000007,10399.410000000007,4948.1699999999955,10018.550000000027,0.0
10,216,26737.989999999903,11830.779999999992,4896.709999999983,13207.18000000001,25.209999999999965
10,217,23593.819999999934,17920.209999999923,4951.979999999996,11640.400000000021,0.0
10,218,32477.19999999994,16836.260000000042,169.16000000000017,8451.959999999995,29.470000000000052
10,219,26593.84999999999,13339.089999999993,3387.079999999993,13534.03999999995,0.0
10,220,29823.63000000002,15377.809999999994,6484.759999999978,4981.670000000017,15.260000000000039
10,221,31301.039999999935,12114.149999999983,6607.870000000018,9837.550000000067,0.0
10,222,31272.64999999999,15239.659999999927,1769.2599999999989,8452.109999999997,82.68000000000008
10,223,26566.34999999999,12079.380000000037,6264.460000000003,13076.019999999975,0.0
10,224,31714.299999999996,16258.129999999992,6680.530000000009,5366.480000000006,0.0
10,225,16097.800000000017,27206.53000000005,2050.6300000000065,14625.690000000048,0.0
10,226,31279.89000000003,16927.41999999996,3314.9999999999986,9952.519999999977,0.0
10,227,25514.89000000001,14815.509999999982,6541.760000000006,11482.560000000023,0.0
10,228,26632.98999999996,16949.76000000002,3456.670000000016,12940.319999999983,36.3400000000003
10,229,20190.93000000001,16579.590000000004,6631.80000000001,16373.500000000045,0.0
10,230,28277.39000000005,14862.040000000017,6512.179999999982,10259.49999999999,0.0
10,231,33017.40000000001,14738.65,3981.909999999989,8225.810000000005,1563.8200000000004
10,232,25402.72999999998,13484.02000000002,3338.1600000000126,17852.0,1564.3899999999994
10,233,22307.87999999998,25982.230000000083,1792.1899999999976,10262.459999999985,0.0
10,234,29293.05000000009,20270.69000000004,354.25999999999755,13446.329999999974,0.0
10,235,23766.60000000006,23009.999999999993,1776.8999999999965,11597.909999999994,0.0
10,236,28425.41000000001,21170.13999999999,178.4699999999997,11923.219999999987,71.38
10,237,33031.12999999991,14932.509999999917,1666.6599999999949,13570.909999999983,0.0
10,238,22785.74999999998,15355.829999999989,6555.039999999974,15431.370000000024,0.0
10,239,34461.329999999754,10186.01000000005,1810.5500000000004,14901.67999999996,0.0
10,240,34380.03000000012,20149.55000000001,288.3199999999988,8353.940000000015,0.0
10,241,31546.959999999974,21712.88999999993,3523.9300000000153,8055.0700000000115,0.0
10,242,28066.020000000055,21524.87999999992,1681.9299999999955,11899.810000000005,45.76000000000054
10,243,28454.68000000016,16675.45999999991,6528.670000000018,13265.279999999968,0.0
10,244,33171.31000000007,18259.929999999997,3302.779999999997,10063.979999999978,0.0
10,245,28234.49999999995,15417.730000000029,8104.700000000004,9990.239999999993,78.42999999999998
10,246,28669.209999999945,21280.849999999908,1908.530000000006,8440.950000000033,1530.9599999999925
10,247,30299.00000000018,23038.419999999933,63.10999999999994,11582.779999999984,0.0
10,248,22038.419999999962,18294.859999999942,3288.9999999999864,21272.200000000175,2.5400000000000005
10,249,29851.890000000065,15022.059999999981,3376.500000000001,16766.479999999974,1613.7600000000002
10,250,24004.45999999993,16583.109999999964,6463.890000000012,16242.519999999955,0.0
10,251,39346.41000000016,15234.25000000002,3387.8299999999967,5505.719999999995,0.0
10,252,36196.88000000007,13921.199999999946,6462.300000000001,8515.100000000017,0.0
10,253,27933.590000000062,17210.150000000067,6604.170000000006,14789.589999999993,0.0
10,254,25627.160000000087,22641.620000000083,4983.160000000001,13443.71999999998,1564.4300000000048
10,255,34744.19999999999,10453.359999999942,4893.099999999987,14826.549999999961,0.0
10,256,35116.37000000003,18515.379999999997,4789.56999999999,6770.699999999991,36.080000000000126
10,257,23611.31999999996,29149.900000000067,3326.9200000000087,13644.790000000028,0.0
10,258,36617.589999999924,19858.590000000033,4966.3299999999945,5213.890000000003,0.0
10,259,34720.02999999999,21382.09999999998,206.44999999999968,10493.749999999955,0.0
10,260,35870.9000000001,16923.81999999997,5019.100000000002,12155.510000000028,0.0
10,261,34462.70999999996,14322.060000000027,4820.800000000013,13191.959999999988,0.0
10,262,30129.120000000003,15249.20000000002,6540.260000000015,16357.65999999995,0.0
10,263,31974.12000000004,22868.4799999999,108.3599999999996,11762.010000000042,1563.8000000000075
10,264,24863.75000000011,21579.42000000008,6949.610000000014,14939.349999999999,65.19999999999968
10,265,24999.09000000013,20016.489999999954,5016.859999999992,16680.980000000007,39.06999999999999
10,266,30835.659999999825,19495.300000000025,209.64999999999984,14708.439999999959,0.0
10,267,22464.690000000064,26101.59999999992,6558.009999999987,14884.109999999946,55.24999999999975
10,268,38070.16000000002,23362.76999999986,1823.000000000013,8402.369999999995,0.0
10,269,37559.36999999998,15364.060000000021,2048.7799999999893,13341.559999999985,60.6500000000001
10,270,34977.800000000025,27586.229999999923,3476.3300000000077,5488.079999999977,0.0
10,271,42942.950000000004,16736.609999999968,1905.070000000001,11582.029999999964,0.0
10,272,39101.690000000126,15346.289999999904,3668.2100000000023,13382.530000000019,0.0
10,273,30007.720000000067,21519.060000000005,4972.299999999994,15136.920000000033,1.7799999999999983
10,274,32182.829999999944,21445.999999999945,3406.7899999999936,16090.280000000072,0.0
10,275,35269.390000000145,19215.140000000003,2146.2599999999884,13584.890000000025,0.0
10,276,32888.90999999999,15332.180000000055,8180.910000000029,12059.64999999998,1584.8099999999963
10,277,36940.59999999996,19712.340000000047,1917.019999999998,11529.669999999967,25.62000000000013
10,278,34923.53000000004,20127.020000000073,4820.869999999998,11753.440000000015,1578.5199999999952
10,279,33304.29999999985,28044.98000000012,194.90000000000083,11637.459999999983,75.95999999999984
10,280,33180.910000000054,26437.109999999986,212.7400000000001,13091.380000000052,1569.9900000000014
10,281,34488.63999999992,20188.389999999963,220.85000000000002,18545.560000000078,1564.01
10,282,23908.37000000006,26340.76999999994,6379.649999999984,16511.040000000055,0.0
10,283,35284.2499999998,18267.729999999985,1866.7899999999995,16562.769999999968,1.81000000000001
10,284,42922.070000000116,14949.439999999979,1707.070000000001,14690.429999999924,0.0
10,285,36419.750000000044,23566.699999999903,4900.359999999985,9294.800000000057,100.02999999999977
10,286,37503.91999999998,23437.630000000016,3125.1999999999875,9375.619999999999,1562.6100000000006
10,287,45659.46000000005,14423.759999999971,5189.529999999948,8772.119999999979,1562.5799999999938
10,288,41467.18999999994,17889.909999999953,624.9999999999937,13973.310000000009,0.0
10,289,28127.289999999994,20312.810000000118,1562.6599999999985,25018.230000000003,0.0
10,290,44377.64000000012,14386.819999999983,3481.2700000000063,11439.810000000023,0.0
10,291,35739.810000000005,23443.519999999993,6417.639999999996,10079.57999999995,100.02000000000007
10,292,33139.16999999996,18337.64000000014,4887.880000000006,16497.560000000118,0.0
10,293,23471.95000000005,22620.780000000064,1901.7899999999984,25912.86,1562.5999999999879
10,294,33154.679999999746,23361.88000000003,4715.760000000005,16394.949999999986,0.0
10,295,35938.91000000008,18752.25999999996,4687.719999999981,15626.15999999999,0.0
10,296,35480.96,13351.45999999995,2057.6200000000035,18903.580000000093,0.0
10,297,39063.759999999886,21876.339999999956,1562.6100000000094,14063.509999999984,0.0
10,298,40627.17999999984,14063.440000000042,4687.769999999987,18750.43999999999,0.0
10,299,35702.88999999997,25957.649999999965,3734.1899999999982,12209.489999999994,0.0
10,300,32814.68000000011,29688.159999999905,4687.829999999985,10938.209999999988,0.0
10,301,48440.889999999985,14064.83999999999,0.0,14063.34000000004,1562.5499999999931
10,302,37884.100000000064,16049.740000000054,8129.049999999963,14423.330000000002,1588.820000000005
10,303,31252.110000000015,26563.7300000001,1562.5500000000009,14063.359999999931,0.0
10,304,44812.19999999999,23262.76000000001,99.99999999999997,11443.049999999948,0.0
10,305,39124.72000000004,21907.099999999933,6719.170000000006,11682.74000000001,0.0
10,306,45314.18000000015,17188.579999999954,6250.399999999997,12500.77999999995,0.0
10,307,35729.47000000009,24618.520000000008,7994.309999999983,10706.079999999973,0.0
10,308,42189.7599999997,23439.619999999988,3125.230000000007,12500.840000000057,0.0
10,309,34377.12000000007,21875.189999999955,1562.6300000000056,21877.93000000006,0.0
10,310,42219.70999999994,19631.509999999966,2377.5100000000084,11976.090000000024,1563.2499999999986
10,311,34375.640000000094,28128.459999999915,3125.159999999979,15626.18999999997,0.0
10,312,43956.179999999964,17331.009999999907,3125.419999999973,12710.269999999966,100.02000000000001
10,313,40691.25999999994,24303.159999999967,3525.240000000008,11359.599999999999,0.0
10,314,34377.42000000009,26564.999999999945,3125.2100000000078,17188.34000000002,0.0
10,315,39990.44999999995,16637.810000000045,4987.729999999982,21293.579999999994,0.0
10,316,41629.189999999915,22384.079999999933,3425.300000000011,12909.09000000003,1562.5099999999993
10,317,34377.270000000106,25002.849999999875,3125.299999999998,20312.63000000005,0.0
10,318,42081.81000000042,19853.36999999997,1862.6600000000008,15991.650000000043,0.0
10,319,46878.08000000015,21876.34000000004,3124.9399999999905,9375.55999999999,0.0
10,320,36660.64000000004,27365.54000000006,1822.8500000000006,16177.929999999993,0.0
10,321,40040.25999999993,26261.210000000083,3624.6899999999932,13202.019999999939,2.3800000000000034
10,322,39068.170000000064,18750.299999999937,6249.85000000003,18749.790000000048,0.0
10,323,45521.82000000006,23206.15,176.73000000000016,9957.460000000001,100.03999999999974
10,324,40626.429999999964,21876.390000000018,1562.6100000000083,21877.83000000014,0.0
10,325,43754.22999999985,28124.509999999984,0.0,10938.22999999997,0.0
10,326,42218.36999999995,27014.349999999955,2079.3400000000197,12664.800000000057,1563.1400000000074
10,327,43746.849999999926,25001.66000000003,1562.6100000000074,14063.570000000047,0.0
10,328,37759.67000000011,21897.229999999956,4110.829999999996,22881.199999999964,0.0
10,329,38210.60000000012,27069.209999999952,1562.590000000016,17895.499999999945,0.0
10,330,34377.09000000014,34368.05,3125.1700000000105,12500.910000000003,1562.6300000000017
10,331,37632.14000000007,22698.67000000004,3225.210000000001,23220.52000000014,100.66000000000034
10,332,39064.85999999999,21876.529999999897,4688.030000000006,17187.169999999973,1562.640000000001
10,333,37471.83000000003,29209.18000000002,3225.260000000014,17349.91000000004,0.0
10,334,37725.86000000005,19965.399999999994,3225.2299999999996,26006.869999999995,90.01000000000016
10,335,32816.460000000065,29689.25999999993,4687.839999999967,18751.11000000003,1562.6100000000094
10,336,41526.44000000009,23381.26999999999,3426.999999999995,14004.51000000006,0.0
10,337,37499.91000000014,31251.940000000024,6252.239999999968,10939.69999999997,0.0
10,338,38644.74999999998,27449.600000000068,1763.3099999999988,19474.91999999999,100.0199999999998
10,339,33470.89999999991,27624.880000000005,8013.12000000001,17945.43,101.15999999999966
10,340,57815.000000000044,17188.650000000023,4687.830000000004,9375.120000000012,0.0
10,341,50373.15000000014,14762.789999999983,332.5200000000003,16735.210000000003,0.0
10,342,45315.41999999998,23437.2400000001,4687.949999999988,12500.820000000022,0.0
10,343,40842.740000000114,25988.870000000043,1839.7100000000178,17938.580000000005,0.0
10,344,36184.070000000014,27423.94000000016,3226.690000000001,21016.239999999983,0.0
10,345,46876.37000000002,20313.859999999946,1562.5900000000115,18751.210000000003,0.0
10,346,45494.919999999904,25958.469999999896,4987.840000000023,9035.950000000003,0.0
10,347,40651.5,23422.610000000026,3115.8300000000063,20316.050000000057,1562.510000000001
10,348,44572.6599999998,17380.470000000085,9015.800000000008,15823.230000000003,0.0
10,349,34378.410000000054,34377.310000000136,4687.790000000005,15626.13999999989,0.0
10,350,48440.42999999989,17187.600000000028,7813.020000000027,15627.430000000031,0.0
10,351,46683.10999999984,19300.820000000014,3525.8200000000024,20714.809999999987,0.0
10,352,48772.710000000094,20576.899999999998,4687.949999999971,15711.689999999984,0.0
10,353,48006.520000000026,21126.09999999997,1963.9499999999953,21550.41,0.0
10,354,42190.78000000019,26537.809999999994,1562.6399999999949,17214.35999999994,1562.7699999999952
10,355,34003.7000000001,26631.01000000005,1763.7599999999882,29166.990000000005,0.0
10,356,52491.189999999944,23838.89999999998,1565.4999999999993,14439.38,0.0
10,357,40630.12999999983,29720.830000000038,1562.4799999999968,18700.689999999966,0.0
10,358,45284.90999999999,22550.75999999998,7899.29999999995,14072.510000000033,300.07000000000136
10,359,41428.99000000012,24901.50999999993,6333.510000000012,19429.150000000038,0.0
10,360,44953.40999999982,18902.729999999927,1781.620000000003,24718.54000000001,0.0
10,361,41669.2600000001,29463.860000000077,4829.990000000014,16376.099999999982,0.0
10,362,53138.82000000001,15675.45999999997,1662.510000000003,19346.409999999985,3088.5299999999897
10,363,46540.56000000015,19879.769999999982,3424.859999999991,19178.78000000009,1662.3999999999978
10,364,43705.060000000085,29693.919999999933,3083.9000000000015,15690.85000000001,1542.6199999999976
10,365,37562.999999999985,30750.18999999986,4702.919999999981,21950.70999999989,100.00999999999983
10,366,54684.340000000215,20335.819999999956,3123.9700000000216,15629.539999999994,0.0
10,367,50157.72999999985,31401.03999999999,3267.629999999994,9449.370000000046,0.0
10,368,48447.86000000006,28135.71999999995,0.0,17171.069999999992,1562.6999999999998
10,369,46601.05999999999,32238.12999999996,1662.5900000000108,13005.25000000001,1562.6499999999999
10,370,49969.399999999965,32874.38000000019,4687.750000000006,10912.919999999998,0.0
10,371,43285.15000000002,33793.74999999985,3225.1700000000064,18012.33000000001,0.0
10,372,48083.55000000003,24676.54000000001,3225.1699999999946,21941.719999999994,99.94999999999975
10,373,47183.75000000017,31367.709999999795,4787.879999999989,12701.420000000046,3125.15
10,374,48961.09000000002,26018.460000000017,4887.750000000025,17313.61999999995,100.02999999999969
10,375,51586.72999999992,21873.989999999998,3106.129999999994,20313.19000000005,0.0
10,376,47092.13000000004,25783.42000000002,4787.840000000003,21491.960000000025,103.44999999999939
10,377,49962.81000000003,21897.43000000005,3125.3099999999968,21896.11999999998,0.0
10,378,40385.05999999997,39851.670000000166,3525.120000000007,14253.539999999983,1662.5100000000125
10,379,51591.41999999973,18751.41000000022,6224.489999999994,20313.85999999998,1562.7399999999996
10,380,56118.19000000028,21539.69999999994,4788.079999999972,16926.390000000003,0.0
10,381,40627.879999999765,29689.509999999875,1562.5799999999995,21876.47000000004,1562.5900000000022
10,382,56542.349999999926,32794.31000000017,3125.220000000014,7437.729999999998,0.0
10,383,40455.15999999996,37018.86999999995,200.00999999999996,23576.689999999915,0.0
10,384,57814.9400000001,20314.530000000053,4687.699999999995,17189.63000000002,1562.5800000000006
10,385,46923.00000000011,25112.2,7814.810000000013,21294.290000000048,0.0
10,386,51565.949999999975,25001.939999999955,1562.7300000000012,18752.189999999948,0.0
10,387,53518.92000000011,26839.870000000046,6650.4199999999755,9444.959999999995,0.0
10,388,42189.35999999987,32814.86000000015,7812.85999999998,23440.079999999918,0.0
10,389,46566.83000000004,33755.569999999956,314.5599999999999,14170.680000000046,1562.6200000000138
10,390,56252.420000000006,20313.590000000022,3125.179999999999,17188.789999999986,1562.5900000000065
10,391,46779.369999999995,28464.37000000003,3325.0999999999835,23058.13999999997,1562.570000000012
10,392,35940.09000000001,32814.91999999987,6248.799999999991,26564.09999999988,0.0
10,393,48249.58999999995,32724.18999999996,1662.65,18419.720000000092,1562.51
10,394,46879.93999999996,34377.159999999945,1562.5900000000106,25000.16000000007,0.0
10,395,42408.95999999998,29335.04000000009,4887.63000000001,30561.680000000055,99.7799999999999
10,396,45316.03000000001,35940.64000000013,4687.859999999986,20313.89999999994,0.0
10,397,40479.46000000002,34130.15,1903.7599999999986,26121.369999999966,100.03
10,398,65611.66000000032,23439.12000000005,1562.639999999993,9375.61,0.0
10,399,54252.11999999984,25235.08999999992,2.029999999999999,19712.76000000003,0.0
10,400,47158.839999999895,32471.139999999872,1662.0299999999954,19179.409999999956,0.0
10,401,46247.42999999989,23191.769999999953,108.47000000000001,31894.819999999916,1716.9300000000108
10,402,53027.46999999985,33067.61999999981,6351.0799999999945,11573.729999999996,0.0
10,403,59832.57000000011,20514.259999999977,1562.5699999999988,21953.830000000024,0.0
10,404,45058.5900000001,29108.76999999996,6291.479999999991,21494.360000000048,0.0
10,405,46879.49999999985,31251.930000000044,6250.480000000001,20310.739999999903,0.0
10,406,49009.31999999996,28745.78,1928.6299999999985,21268.26000000002,99.38999999999899
10,407,54690.440000000046,28107.57000000009,1562.6100000000074,20332.53999999993,0.0
10,408,50874.299999999974,36817.41000000004,1861.9499999999869,16434.29999999999,0.0
10,409,51552.9099999999,28140.46999999991,6250.109999999997,15625.950000000008,1562.609999999999
10,410,51171.88999999992,33138.930000000015,3430.589999999983,17909.169999999936,100.00000000000018
10,411,46876.79999999995,29690.809999999925,4689.259999999991,23437.63000000011,0.0
10,412,50102.49000000003,25759.529999999948,6464.459999999976,23465.430000000066,101.23000000000005
10,413,56255.329999999965,35937.85000000007,3125.210000000011,14063.429999999995,0.0
10,414,51597.04000000011,34473.55999999992,5087.909999999998,9924.610000000004,1562.6100000000129
10,415,59378.54000000014,26564.719999999903,4687.750000000013,17187.300000000003,0.0
10,416,60540.16999999977,21280.299999999992,3814.219999999996,25290.39999999994,0.0
10,417,48443.02000000001,40625.390000000116,3125.2200000000157,14063.519999999984,1562.5799999999924
10,418,49068.58000000006,31791.45999999997,2598.4500000000107,23246.57999999996,0.0
10,419,50001.559999999976,31252.149999999983,10938.079999999989,14063.420000000031,0.0
10,420,60149.569999999876,23547.320000000072,3428.4899999999943,18729.610000000008,0.0
10,421,47434.780000000006,29791.22999999996,3125.1700000000033,25102.130000000026,1562.620000000006
10,422,42224.40000000011,41504.4099999998,4993.8400000000265,21053.919999999936,0.0
10,423,57816.839999999924,26562.779999999955,1562.579999999998,23438.720000000023,0.0
10,424,42858.50999999995,39618.300000000025,4563.90999999999,21819.069999999872,1562.4999999999952
10,425,53828.16000000024,30141.520000000008,0.0,22180.48000000013,1562.5400000000086
10,426,58440.770000000026,30052.169999999933,4842.8399999999965,14078.059999999989,101.52999999999994
10,427,40290.15999999967,40514.090000000026,3125.1800000000026,23650.930000000008,0.0
10,428,56395.34000000004,28015.77999999991,4787.789999999999,21602.02999999998,0.0
10,429,40663.570000000174,40573.749999999985,7813.599999999982,20331.72000000014,0.0
10,430,53055.67999999978,31767.21000000003,1862.0299999999966,23628.899999999918,0.0
10,431,59377.11999999971,32814.590000000186,1562.599999999998,17190.11,0.0
10,432,44412.439999999915,35897.45000000006,6349.110000000022,22333.850000000013,0.3600000000000003
10,433,53110.91000000006,21876.41999999991,4687.770000000003,32814.090000000135,0.0
10,434,49366.850000000006,39338.979999999894,1771.5200000000063,19807.009999999846,0.0
10,435,54692.490000000165,39061.84999999997,4687.760000000023,14065.46999999997,0.0
10,436,57769.97000000006,27215.63000000001,5252.359999999994,20363.039999999888,0.0
10,437,46902.18000000004,34379.09000000008,1562.5999999999915,28128.30000000004,1562.5999999999901
10,438,57715.49999999992,29827.140000000007,9375.629999999966,15089.959999999974,0.0
10,439,55394.34000000004,28821.359999999997,5087.169999999994,19752.259999999995,0.0
10,440,52482.220000000154,33662.999999999985,6449.959999999993,22550.010000000046,100.02000000000007
10,441,62931.07999999988,27975.48000000004,9381.069999999965,15237.550000000017,0.0
10,442,56099.280000000064,27164.28999999994,7812.980000000019,19361.94000000002,100.00999999999986
10,443,54210.66999999997,29172.610000000106,3603.5799999999954,27968.87999999998,0.0
10,444,59377.599999999904,37502.689999999966,4687.819999999983,15625.809999999994,0.0
10,445,54521.87999999974,39889.29999999997,5187.910000000007,17045.43,0.0
10,446,51564.920000000035,32814.61000000001,7813.080000000059,18750.860000000008,0.0
10,447,48885.050000000105,47551.67000000024,3425.22999999998,12259.62999999999,0.0
10,448,44512.72999999994,39535.439999999915,7813.070000000008,26606.479999999985,0.0
10,449,52010.41999999975,35879.01000000016,3492.9800000000073,23719.13000000008,99.51999999999973
10,450,54691.44999999998,37500.31000000024,4687.82999999997,21877.87999999999,0.0
10,451,54617.34999999998,30520.41999999996,6650.4699999999975,24959.640000000014,0.0
10,452,50004.72000000009,42188.86000000006,3125.210000000007,18751.29000000003,0.0
10,453,58328.73000000005,37791.62999999992,1646.54,20392.030000000046,0.0
10,454,59526.290000000205,30600.100000000082,3425.320000000003,23355.940000000013,100.02999999999996
10,455,53663.56000000016,24261.920000000104,9574.870000000037,24659.41,1562.6100000000083
